Title,Year,Rating,Genre,Director(s),Box Office Revenue,Lead Actors
1. The Shawshank Redemption,1994,9.3 (3M),"Epic, Period Drama, Prison Drama, Drama","Jack Lawrence, Frank Darabont, Bob Gunton, Hank Williams, Andy Dufresne, Stephen King, The Ink Spots, Morgan Freeman, Tim Robbins","Gross worldwide$29,332,133","Bob Gunton, Tim Robbins, Morgan Freeman"
2. The Godfather,1972,9.2 (2.1M),"Epic, Gangster, Tragedy, Crime, Drama","Marlon Brando, Kay Adams, Al Pacino, Francis Ford Coppola, James Caan, Carmine Coppola, Mario Puzo, Michael","Gross worldwide$250,342,198","James Caan, Marlon Brando, Al Pacino"
3. The Dark Knight,2008,9.0 (3M),"Action Epic, Epic, Superhero, Tragedy, Action, Crime, Drama, Thriller","Aaron Eckhart, Christopher Nolan, Jack Nicholson, The Pipes and Drums of the Chicago Police Department, Michael Caine, Heath Ledger, The Joker, The Chechen, Jonathan Nolan, David S. Goyer, Christian Bale, Salvatore Maroni","Gross worldwide$1,009,057,329","Aaron Eckhart, Heath Ledger, Christian Bale"
4. The Godfather Part II,1974,9.0 (1.4M),"Epic, Gangster, Tragedy, Crime, Drama","Al Pacino, Robert Duvall, Robert De Niro, Francis Ford Coppola, Michael Corleone, Francesco Pennino, Livio Giorgi, Mario Puzo","Gross worldwide$47,964,222","Robert Duvall, Robert De Niro, Al Pacino"
5. 12 Angry Men,1957,9.0 (917K),"Legal Drama, Psychological Drama, Crime, Drama","Martin Balsam, E.G. Marshall, Juror #10, Lee J. Cobb, Sidney Lumet, Juror #11, Reginald Rose, Jack Warden, Marvin Hatley, Juror #8, Henry Fonda","Gross worldwide$2,945","Lee J. Cobb, Martin Balsam, Henry Fonda"
6. The Lord of the Rings: The Return of the King,2003,9.0 (2.1M),"Action Epic, Adventure Epic, Epic, Fantasy Epic, Mountain Adventure, Quest, Sword & Sorcery, Tragedy, Adventure, Drama","John Rhys-Davies, Fran Walsh, J.R.R. Tolkien, Peter Jackson, Philippa Boyens, Howard Shore, Aragorn, Ian McKellen, Elijah Wood, Annie Lennox, Viggo Mortensen","Gross worldwide$1,138,267,561","Viggo Mortensen, Ian McKellen, Elijah Wood"
7. Schindler's List,1993,9.0 (1.5M),"Docudrama, Epic, Historical Epic, Period Drama, Prison Drama, Tragedy, Biography, Drama, History","Steven Spielberg, Ben Kingsley, Mimi Thoma, Steven Zaillian, Oskar Schima, Amon Göth, Liam Neeson, Amon Goeth, Franz Xaver Kappus, Thomas Keneally, Mila Pfefferberg, Ralph Fiennes, Oskar Schindler","Gross worldwide$322,161,245","Liam Neeson, Ralph Fiennes, Ben Kingsley"
8. Pulp Fiction,1994,8.9 (2.3M),"Dark Comedy, Drug Crime, Gangster, Crime, Drama","Vincent, Quentin Tarantino, Samuel L. Jackson, Roger Avary, Fred Wise, Dick Dale & His Del-Tones, Mia, Bob Russell, Nicholas Roubanis, Milton Leeds, Uma Thurman, Bruce Willis, John Travolta","Gross worldwide$213,928,762","Uma Thurman, Samuel L. Jackson, John Travolta"
9. The Lord of the Rings: The Fellowship of the Ring,2001,8.9 (2.1M),"Action Epic, Adventure Epic, Epic, Fantasy Epic, Quest, Sword & Sorcery, Adventure, Drama, Fantasy","Janet Roddick, Fran Walsh, Orlando Bloom, Gandalf, David Long, Steve Roche, J.R.R. Tolkien, Peter Jackson, Frodo, David Donaldson, Philippa Boyens, Chris O'Connor, Ian McKellen, Elijah Wood, Christopher Lee","Gross worldwide$888,171,906","Orlando Bloom, Ian McKellen, Elijah Wood"
10. The Good, the Bad and the Ugly",1966,8.8 (847K),"Adventure Epic, Dark Comedy, Desert Adventure, Epic, Period Drama, Quest, Spaghetti Western, Western Epic, Adventure, Western","Blondie, Lee Van Cleef, Clint Eastwood, Luciano Vincenzoni, Tommie Connor, Eli Wallach, Sergio Leone, Agenore Incrocci","Gross worldwide$25,264,999","Eli Wallach, Lee Van Cleef, Clint Eastwood"
11. Forrest Gump,1994,8.8 (2.4M),"Epic, Drama, Romance","Robert Zemeckis, Gary Sinise, Irving Mills, Winston Groom, Tom Hanks, Hank Williams, Forrest Gump, Cliff Friend, Eric Roth, Young Man Running, Robin Wright","Gross worldwide$678,226,465","Tom Hanks, Gary Sinise, Robin Wright"
12. The Lord of the Rings: The Two Towers,2002,8.8 (1.9M),"Action Epic, Adventure Epic, Dark Fantasy, Epic, Fantasy Epic, Quest, Sword & Sorcery, Adventure, Drama, Fantasy","Sam, Fran Walsh, J.R.R. Tolkien, Peter Jackson, Frodo, Philippa Boyens, Howard Shore, Emiliana Torrini, Ian McKellen, Elijah Wood, Viggo Mortensen","Gross worldwide$938,242,927","Viggo Mortensen, Ian McKellen, Elijah Wood"
13. Fight Club,1999,8.8 (2.4M),"Psychological Drama, Workplace Drama, Drama","Brad Pitt, Tyler Durden, Chuck Palahniuk, Matt Winston, Holt McCallany, Edward Norton, David Fincher, Jim Uhls, Meat Loaf, Rolfe Kent","Gross worldwide$101,321,009","Meat Loaf, Brad Pitt, Edward Norton"
14. Inception,2010,8.8 (2.7M),"Action Epic, Adventure Epic, Epic, Psychological Thriller, Sci-Fi Epic, Action, Adventure, Sci-Fi, Thriller","Cobb, Christopher Nolan, Elliot Page, Michel Vaucaire, Hans Zimmer, Charles Dumont, Édith Piaf, Leonardo DiCaprio, Joseph Gordon-Levitt","Gross worldwide$839,030,630","Leonardo DiCaprio, Elliot Page, Joseph Gordon-Levitt"
15. Star Wars: Episode V - The Empire Strikes Back,1980,8.7 (1.4M),"Action Epic, Adventure Epic, Dark Fantasy, Epic, Fantasy Epic, Globetrotting Adventure, Quest, Sci-Fi Epic, Space Sci-Fi, Sword & Sorcery","Harrison Ford, Carrie Fisher, Yoda, Lawrence Kasdan, Leigh Brackett, Luke, George Lucas, Irvin Kershner, Mark Hamill","Gross worldwide$550,016,086","Harrison Ford, Carrie Fisher, Mark Hamill"
16. The Matrix,1999,8.7 (2.1M),"Action Epic, Artificial Intelligence, Cyberpunk, Dystopian Sci-Fi, Gun Fu, Martial Arts, Sci-Fi Epic, Action, Sci-Fi","Laurence Fishburne, Grant Marshall, Keanu Reeves, Carrie-Anne Moss, Lilly Wachowski, Andrew Vowles, Robert Del Naja, Lana Wachowski, Morpheus, Massive Attack","Gross worldwide$467,841,735","Carrie-Anne Moss, Laurence Fishburne, Keanu Reeves"
17. GoodFellas,1990,8.7 (1.3M),"Docudrama, Gangster, True Crime, Biography, Crime, Drama","Richard Adler, Nicholas Pileggi, Robert De Niro, Martin Scorsese, Henry Hill, Tony Bennett, Ray Liotta, Jerry Ross, Joe Pesci","Gross worldwide$47,058,317","Robert De Niro, Ray Liotta, Joe Pesci"
18. One Flew Over the Cuckoo's Nest,1975,8.7 (1.1M),"Medical Drama, Psychological Drama, Drama","Jack Nicholson, Ken Kesey, Erno Rapee, Louise Fletcher, Lew Pollack, Milos Forman, Lawrence Hauben, Michael Berryman, Brad Dourif, McMurphy, Bo Goldman","Gross worldwide$109,115,366","Louise Fletcher, Jack Nicholson, Michael Berryman"
19. Interstellar,2014,8.7 (2.3M),"Adventure Epic, Epic, Quest, Sci-Fi Epic, Space Sci-Fi, Time Travel, Adventure, Drama, Sci-Fi","Christopher Nolan, Anne Hathaway, Kip Thorne, Dylan Thomas, Cooper, Matthew McConaughey, Jessica Chastain, Jonathan Nolan","Gross worldwide$758,464,713","Jessica Chastain, Matthew McConaughey, Anne Hathaway"
20. Seven,1995,8.6 (1.9M),"Cop Drama, Hard-boiled Detective, Legal Drama, Police Procedural, Psychological Drama, Psychological Thriller, Serial Killer, Crime, Drama, Mystery","Brad Pitt, Trent Reznor, Andrew Kevin Walker, Nine Inch Nails, David Mills, Leland Orser, David Fincher, John Doe, Morgan Freeman, Kevin Spacey","Gross worldwide$328,971,354","Brad Pitt, Kevin Spacey, Morgan Freeman"
21. It's a Wonderful Life,1946,8.6 (525K),"Feel-Good Romance, Holiday Family, Holiday Romance, Psychological Drama, Supernatural Fantasy, Drama, Family, Fantasy, Holiday, Romance","Frank Capra, William Cool White, Gloria Grahame, Lionel Barrymore, Clarence, James Stewart, Frances Goodrich, Donna Reed, Albert Hackett","Gross worldwide$10,635,461","Lionel Barrymore, Donna Reed, James Stewart"
22. Seven Samurai,1954,8.6 (382K),"Action Epic, Epic, Period Drama, Samurai, Action, Drama","Shinobu Hashimoto, Keiko Tsushima, Hideo Oguni, Sôjirô Motoki, Toshirô Mifune, Akira Kurosawa, Takashi Shimura, Kambei Shimada","Gross worldwide$1,082,130","Takashi Shimura, Keiko Tsushima, Toshirô Mifune"
23. The Silence of the Lambs,1991,8.6 (1.6M),"Police Procedural, Psychological Drama, Psychological Horror, Psychological Thriller, Serial Killer, Slasher Horror, Crime, Drama, Horror, Thriller","Jonathan Demme, Scott Glenn, Ted Tally, Anthony Hopkins, Tom Petty, Tom Petty & The Heartbreakers, Jodie Foster, Hannibal Lecter, Thomas Harris","Gross worldwide$272,742,922","Scott Glenn, Jodie Foster, Anthony Hopkins"
24. Saving Private Ryan,1998,8.6 (1.6M),"Epic, Period Drama, War Epic, Drama, War","Matt Damon, Mellish, Tom Sizemore, Steven Spielberg, Tom Hanks, Robert Rodat, Edgar De Lange, Duke Ellington, Upham, Irving Mills","Gross worldwide$482,352,390","Matt Damon, Tom Hanks, Tom Sizemore"
25. City of God,2002,8.6 (832K),"Caper, Coming-of-Age, Gangster, Crime, Drama","Fernando Meirelles, Graziella Moretto, Carlos Cachaça, Alexandre Rodrigues, Cartola, Buscapé, Kátia Lund, Hermínio Bello de Carvalho, Paulo Lins, Matheus Nachtergaele, Bráulio Mantovani, Leandro Firmino","Gross worldwide$30,681,033","Matheus Nachtergaele, Leandro Firmino, Alexandre Rodrigues"
26. The Green Mile,1999,8.6 (1.5M),"Period Drama, Prison Drama, Supernatural Fantasy, Tragedy, Crime, Drama, Fantasy, Mystery","Ronald Binge, Mantovani, Frank Darabont, Erno Rapee, Tom Hanks, Lew Pollack, Old Paul Edgecomb, Stephen King, David Morse, Michael Clarke Duncan","Gross worldwide$286,801,374","Michael Clarke Duncan, David Morse, Tom Hanks"
27. Life Is Beautiful,1997,8.6 (773K),"Period Drama, Romantic Comedy, Tragedy, Tragic Romance, Comedy, Drama, Romance, War","Guido, Nicoletta Braschi, Vincenzo Cerami, Giuseppe Gabetti, Giorgio Cantarini, Roberto Benigni, Bartolomeo","Gross worldwide$230,099,013","Nicoletta Braschi, Giorgio Cantarini, Roberto Benigni"
28. Terminator 2: Judgment Day,1991,8.6 (1.2M),"Action Epic, Artificial Intelligence, Cyberpunk, Dystopian Sci-Fi, Sci-Fi Epic, Time Travel, Action, Adventure, Sci-Fi","The Terminator, Linda Hamilton, James Cameron, William Wisher, Izzy Stradlin, Axl Rose, Robert Patrick, Edward Furlong, Arnold Schwarzenegger, Guns N' Roses","Gross worldwide$517,778,573","Edward Furlong, Arnold Schwarzenegger, Linda Hamilton"
29. Star Wars: Episode IV - A New Hope,1977,8.6 (1.5M),"Action Epic, Adventure Epic, Epic, Fantasy Epic, Quest, Sci-Fi Epic, Space Sci-Fi, Sword & Sorcery, Action, Adventure","Harrison Ford, Carrie Fisher, Steven Spielberg, George Lucas, Han Solo, Mark Hamill","Gross worldwide$775,398,507","Harrison Ford, Carrie Fisher, Mark Hamill"
30. Back to the Future,1985,8.5 (1.4M),"High-Concept Comedy, Teen Adventure, Teen Comedy, Time Travel, Urban Adventure, Adventure, Comedy, Sci-Fi","Robert Zemeckis, Marty McFly, Lea Thompson, Michael J. Fox, Christopher Lloyd, Chris Hayes, Johnny Colla, Dr. Emmett Brown, Huey Lewis & The News, Bob Gale, Huey Lewis, Eric Stoltz","Gross worldwide$385,053,307","Michael J. Fox, Christopher Lloyd, Lea Thompson"
31. Spirited Away,2001,8.6 (900K),"Anime, Coming-of-Age, Fairy Tale, Hand-Drawn Animation, Quest, Supernatural Fantasy, Adventure, Animation, Family, Fantasy","Hayao Miyazaki, Miyu Irino, Suzanne Pleshette, Daveigh Chase, Zeniba, Joe Hisaishi","Gross worldwide$358,862,570","Suzanne Pleshette, Daveigh Chase, Miyu Irino"
32. The Pianist,2002,8.5 (961K),"Docudrama, Epic, Period Drama, Tragedy, War Epic, Biography, Drama, Music, War","Frédéric Chopin, Ronald Harwood, Frank Finlay, Roman Polanski, Wladyslaw Szpilman, Thomas Kretschmann, Henryk Szpilman, Adrien Brody","Gross worldwide$120,098,945","Thomas Kretschmann, Frank Finlay, Adrien Brody"
33. Gladiator,2000,8.5 (1.7M),"Action Epic, Adventure Epic, Epic, Period Drama, Sword & Sandal, Action, Adventure, Drama","Maximus, William Nicholson, Russell Crowe, Nathalie Van Ravenstein, Synaulia, John Logan, David Franzoni, Connie Nielsen, Joaquin Phoenix, Ridley Scott, Walter Maioli","Gross worldwide$465,516,248","Russell Crowe, Joaquin Phoenix, Connie Nielsen"
34. Parasite,2019,8.5 (1M),"Dark Comedy, Korean Drama, Psychological Thriller, Tragedy, Drama, Thriller","Bong Joon Ho, Song Kang-ho, George Frideric Handel, Ki-taek, Han Jin-won, Cho Yeo-jeong, Lee Sun-kyun","Gross worldwide$262,608,117","Song Kang-ho, Cho Yeo-jeong, Lee Sun-kyun"
35. Psycho,1960,8.5 (748K),"Dark Comedy, Psychological Horror, Psychological Thriller, Slasher Horror, Suspense Mystery, Horror, Mystery, Thriller","Norma Bates, Janet Leigh, Bernard Herrmann, Joseph Stefano, Vera Miles, Robert Bloch, Alfred Hitchcock, Anthony Perkins","Gross worldwide$32,248,065","Janet Leigh, Anthony Perkins, Vera Miles"
36. The Lion King,1994,8.5 (1.2M),"Animal Adventure, Coming-of-Age, Hand-Drawn Animation, Jungle Adventure, Adventure, Animation, Drama, Family, Fantasy, Musical","Sam Vamplew, Bheki Ndlovu, Carmen Twillie, Ron Kunene, Susie Stevens-Logan, James Earl Jones, Thembi Mtshali, Nini Nkosi, Irene Mecchi, Elton John, Faca Khulu, Matoab'sane Jali, Vusi Mhlongo, Nonhlanhla Mkhize, Kipizane Skweyiya, Jeremy Irons, Philile Seme, Oren Waters, Rick Riso, Scar, Matthew Broderick, Rick Charles, Maxine Waters Willard, Wendy Fraser, Myrna Matthews, Lebo M., Linda Gcwensa, Rob Minkoff, Luyanda Jezile, Tim Rice, Yvonne Williams, Happy Skhakhane, Rodney Saulsberry, Lucky Cele, Sindisiwe Sokhela, Stella Khumalo, Skhumbuzo Kubheka, Terry Bradford, Zolile Zulu, James Langa, Maxi Anderson, Batho Mhlongo, Luther Waters, Bob Joyce, Julia Waters, Edie Lehmann Boddicker, Bobbi Page, John J West, Hans Zimmer, Frank Welker, Tsidi Manye, Abner A. Mariri, Sphiwe Khanyile, Faith Kekana, Rick Logan, Phindile, Linda Woolverton, Thembi Kubheka, Alfie Silas, Khanyo Maphumulo, Nandi Ndlovu, Gugwana Dlamini, Jonathan Roberts, Khuluiwe Sithole, Kevin Dorsey, Terry Young, Clydene Jackson, Bongani Ngcobo, Johnny Britt, Roger Allers, Thandazile, Baby Cele","Gross worldwide$979,161,373","James Earl Jones, Jeremy Irons, Matthew Broderick"
37. Grave of the Fireflies,1988,8.5 (343K),"Adult Animation, Anime, Hand-Drawn Animation, Period Drama, Animation, Drama, War","Akemi Yamaguchi, H.R. Bishop, Isao Takahata, Ayano Shiraishi, Seita, Amelita Galli-Curci, Akiyuki Nosaka, Tsutomu Tatsumi","Gross worldwide$839,052","Ayano Shiraishi, Akemi Yamaguchi, Tsutomu Tatsumi"
38. The Departed,2006,8.5 (1.5M),"Cop Drama, Epic, Gangster, Crime, Drama, Thriller","Matt Damon, The Rolling Stones, Jack Nicholson, Alan Mak, Martin Scorsese, Mick Jagger, Keith Richards, Police Camera Tech, William Monahan, Dignam, Leonardo DiCaprio, Felix Chong","Gross worldwide$291,481,358","Matt Damon, Leonardo DiCaprio, Jack Nicholson"
39. Whiplash,2014,8.5 (1.1M),"Psychological Drama, Drama, Music","J.K. Simmons, Melissa Benoist, Justin Hurwitz, Terence Fletcher, Miles Teller, Damien Chazelle","Gross worldwide$50,360,880","J.K. Simmons, Melissa Benoist, Miles Teller"
40. Harakiri,1962,8.6 (78K),"Period Drama, Drama, Mystery","Tatsuya Nakadai, Yasuhiko Takiguchi, Shinobu Hashimoto, Akira Ishihama, Masaki Kobayashi, Shima Iwashita, Hanshiro Tsugumo","Gross worldwide$15,222","Tatsuya Nakadai, Shima Iwashita, Akira Ishihama"
41. American History X,1998,8.5 (1.2M),"Prison Drama, Tragedy, Crime, Drama","Bob Sweeney, Tony Kaye, Julia Ward Howe, William Steffe, Tom Hanks, Edward Norton, Ethan Suplee, Beverly D'Angelo, David McKenna, Edward Furlong, Derek Vinyard","Gross worldwide$23,875,714","Edward Furlong, Edward Norton, Beverly D'Angelo"
42. The Prestige,2006,8.5 (1.5M),"Period Drama, Steampunk, Tragedy, Drama, Mystery, Sci-Fi, Thriller","Scarlett Johansson, Christopher Nolan, Cutter, Hugh Jackman, Christopher Priest, Keith Nichols, Jonathan Nolan, Christian Bale","Gross worldwide$109,676,311","Hugh Jackman, Christian Bale, Scarlett Johansson"
43. Leon,1994,8.5 (1.3M),"Gangster, One-Person Army Action, Action, Crime, Drama, Thriller","Dominic Miller, Léon, Mathilda, Gary Oldman, Sting, Jean Reno, Luc Besson, Natalie Portman","Gross worldwide$20,278,989","Natalie Portman, Gary Oldman, Jean Reno"
44. Spider-Man: Across the Spider-Verse,2023,8.5 (442K),"Computer Animation, Superhero, Supernatural Fantasy, Teen Adventure, Urban Adventure, Action, Adventure, Animation, Family, Fantasy","Metro Boomin, Johan Lenox, Kemp Powers, Spider-Man India, Preston Mutanga, Prince 85, Joaquim Dos Santos, Brian Tyree Henry, Coi Leray, Dave Callaham, Justin K. Thompson, Brittany Talia Hazzard, Miles Morales, Phil Lord, Shameik Moore, Hailee Steinfeld, Dre Moon, Christopher Miller","Gross worldwide$690,824,738","Brian Tyree Henry, Shameik Moore, Hailee Steinfeld"
45. Casablanca,1942,8.5 (628K),"Drama, Romance, War","Philip G. Epstein, Captain Renault, Michael Curtiz, Paul Henreid, Max Steiner, Howard Koch, Ingrid Bergman, Julius J. Epstein, Humphrey Bogart, Rick, Claude Joseph Rouget de Lisle, Madeleine Lebeau","Gross worldwide$4,727,083","Humphrey Bogart, Ingrid Bergman, Paul Henreid"
46. The Usual Suspects,1995,8.5 (1.2M),"Caper, Gangster, Heist, Psychological Drama, Psychological Thriller, Suspense Mystery, Whodunnit, Crime, Drama, Mystery","Jon Kull, Gabriel Byrne, Chazz Palminteri, Verbal, Bryan Singer, Kevin Spacey, Christopher McQuarrie, Claude Debussy","Gross worldwide$23,341,568","Kevin Spacey, Chazz Palminteri, Gabriel Byrne"
47. Untouchable,2011,8.5 (971K),"Docudrama, Comedy, Drama","Earth Wind & Fire, François Cluzet, Olivier Nakache, Philippe, Maurice White, Philippe Pozzo di Borgo, Omar Sy, Al McKay, Anne Le Ny, Allee Willis, Éric Toledano","Gross worldwide$426,590,315","Anne Le Ny, Omar Sy, François Cluzet"
48. Cinema Paradiso,1988,8.5 (299K),"Coming-of-Age, Drama, Romance","Giuseppe Tornatore, Vanna Paoli, Alfredo, Salvatore, Enzo Cannavale, Antonella Attili, Ennio Morricone, Philippe Noiret","Gross worldwide$13,020,497","Enzo Cannavale, Antonella Attili, Philippe Noiret"
49. Modern Times,1936,8.5 (271K),"Romantic Comedy, Satire, Slapstick, Comedy, Drama, Romance","A gamin, Charles Chaplin, Henry Bergman, Paulette Goddard, A factory worker","Gross worldwide$463,618","Paulette Goddard, Charles Chaplin, Henry Bergman"
50. Alien,1979,8.5 (1M),"Alien Invasion, Cyberpunk, Monster Horror, Space Sci-Fi, Horror, Sci-Fi","Sigourney Weaver, Howard Hanson, Dan O'Bannon, Ripley, Ronald Shusett, Tom Skerritt, Ridley Scott, John Hurt, Yaphet Kotto","Gross worldwide$108,610,231","Sigourney Weaver, Tom Skerritt, John Hurt"
51. Rear Window,1954,8.5 (543K),"Psychological Thriller, Suspense Mystery, Drama, Mystery, Thriller","L.B. Jefferies, Cornell Woolrich, Stella, Wendell Corey, Leonard Bernstein, Alfred Hitchcock, James Stewart, Grace Kelly, John Michael Hayes","Gross worldwide$37,905,475","Grace Kelly, Wendell Corey, James Stewart"
52. Once Upon a Time in the West,1968,8.5 (365K),"Desert Adventure, Epic, Spaghetti Western, Western Epic, Drama, Western","Sergio Donati, Dario Argento, Charles Bronson, Claudia Cardinale, Sergio Leone, Snaky, Harmonica, Frederick Edward Weatherly, Simonetta Santaniello, Henry Fonda","Gross worldwide$5,435,312","Claudia Cardinale, Charles Bronson, Henry Fonda"
53. Django Unchained,2012,8.5 (1.8M),"Dark Comedy, Epic, Period Drama, Western Epic, Western","Quentin Tarantino, Jamie Foxx, Rocky Roberts, Kerry Washington, Franco Migliacci, Christoph Waltz, Robert Mellin, Bruno Nicolai, Dr. King Schultz, Django, Luis Bacalov, Leonardo DiCaprio","Gross worldwide$426,076,293","Leonardo DiCaprio, Jamie Foxx, Christoph Waltz"
54. City Lights,1931,8.5 (206K),"Feel-Good Romance, Romantic Comedy, Satire, Slapstick, Comedy, Drama, Romance","Virginia Cherrill, A Blind Girl, Harry Carr, Charles Chaplin, Florence Lee, Harry Crocker, The Tramp, José Padilla, Georgia Hale","Gross worldwide$55,154","Charles Chaplin, Virginia Cherrill, Florence Lee"
55. Apocalypse Now,1979,8.4 (737K),"Adventure Epic, Epic, Hard-boiled Detective, Psychological Drama, Quest, Suspense Mystery, War Epic, Drama, Mystery, War","Martin Sheen, Marlon Brando, Robby Krieger, Robert Duvall, John Milius, Kurtz, Vittorio Storaro, Francis Ford Coppola, Jim Morrison, Michael Herr, The Doors, Ray Manzarek, John Densmore","Gross worldwide$105,086,099","Robert Duvall, Martin Sheen, Marlon Brando"
56. Dune: Part Two,2024,8.5 (612K),"Action Epic, Desert Adventure, Epic, Sci-Fi Epic, Space Sci-Fi, Action, Adventure, Drama, Sci-Fi","Jon Spaihts, Timothée Chalamet, Paul Atreides, Stellan Skarsgård, Hans Zimmer, Frank Herbert, Gurney Halleck, Denis Villeneuve, Rebecca Ferguson, Stilgar, Zendaya","Gross worldwide$714,644,358","Rebecca Ferguson, Zendaya, Timothée Chalamet"
57. Memento,2000,8.4 (1.4M),"Psychological Thriller, Suspense Mystery, Mystery, Thriller","Joe Pantoliano, Christopher Nolan, David Bowie, Carrie-Anne Moss, Leonard Shelby, Guy Pearce, Reeves Gabrels, Jonathan Nolan","Gross worldwide$40,047,236","Carrie-Anne Moss, Joe Pantoliano, Guy Pearce"
58. WALL·E,2008,8.4 (1.3M),"Adventure Epic, Artificial Intelligence, Computer Animation, Dystopian Sci-Fi, Space Sci-Fi, Adventure, Animation, Family, Sci-Fi","Jeff Garlin, Elissa Knight, Ben Burtt, EVE, WALL.E, Andrew Stanton, Pete Docter, Jim Reardon, Jerry Herman","Gross worldwide$527,403,656","Ben Burtt, Jeff Garlin, Elissa Knight"
59. Raiders of the Lost Ark,1981,8.4 (1.1M),"Adventure Epic, Desert Adventure, Globetrotting Adventure, Quest, Action, Adventure","John Rhys-Davies, Marion, Karen Allen, Harrison Ford, Steven Spielberg, Indiana, Philip Kaufman, Arthur Sullivan, George Lucas, W.S. Gilbert, Paul Freeman, Lawrence Kasdan","Gross worldwide$389,925,971","Karen Allen, Paul Freeman, Harrison Ford"
60. The Lives of Others,2006,8.4 (425K),"Political Thriller, Psychological Drama, Spy, Drama, Mystery, Thriller","Joachim-Franz Bartzsch, Florian Henckel von Donnersmarck, Hauptmann Gerd Wiesler, Sebastian Koch, Martina Gedeck, Kurt Demmler, Ulrich Mühe, Buchverkäufer","Gross worldwide$77,672,685","Ulrich Mühe, Sebastian Koch, Martina Gedeck"
61. Avengers: Infinity War,2018,8.4 (1.3M),"Space Sci-Fi, Superhero, Action, Adventure, Sci-Fi","Christopher Markus, Robert Downey Jr., Linda Creed, Anthony Russo, Tom Holland, Stan Lee, Mark Ruffalo, Stephen McFeely, Joe Russo, Thom Bell, Thor, Rocket Raccoon, Chris Hemsworth, The Spinners","Gross worldwide$2,052,415,039","Mark Ruffalo, Robert Downey Jr., Chris Hemsworth"
62. Sunset Blvd.,1950,8.4 (247K),"Dark Comedy, Film Noir, Psychological Drama, Showbiz Drama, Tragedy, Drama","William Holden, Erich von Stroheim, D.M. Marshman Jr., Roscoe 'Fatty' Arbuckle, Gloria Swanson, Ray Evans, Billy Wilder, Norma Desmond, Charles Brackett, Jay Livingston, Joe Gillis","Gross worldwide$309,467","William Holden, Gloria Swanson, Erich von Stroheim"
63. Spider-Man: Into the Spider-Verse,2018,8.4 (721K),"Computer Animation, Superhero, Supernatural Fantasy, Teen Adventure, Urban Adventure, Action, Adventure, Animation, Comedy, Family","Bob Persichetti, Peter Ramsey, Rodney Rothman, Fred Wesley, Stan, Stan Lee, Steve Ditko, St. Clair Pinckney, James Brown, Phil Lord, Shameik Moore, Hailee Steinfeld, Jake Johnson","Gross worldwide$393,602,435","Shameik Moore, Hailee Steinfeld, Jake Johnson"
64. Paths of Glory,1957,8.4 (225K),"Epic, Psychological Drama, War Epic, Drama, War","Ralph Meeker, Kirk Douglas, Jim Thompson, Francisco Franco, Stanley Kubrick, Claude Joseph Rouget de Lisle, Calder Willingham, Pvt. Pierre Arnaud, Adolphe Menjou","Gross worldwide$8,290","Ralph Meeker, Adolphe Menjou, Kirk Douglas"
65. Witness for the Prosecution,1957,8.4 (149K),"Legal Drama, Legal Thriller, Whodunnit, Crime, Drama, Mystery, Thriller","Jack Brooks, Tyrone Power, Agatha Christie, Harry Kurnitz, Ralph Arthur Roberts, Billy Wilder, Sir Wilfrid, Maurice Zolotow, Marlene Dietrich, Charles Laughton","Gross worldwide$7,903","Tyrone Power, Marlene Dietrich, Charles Laughton"
66. The Shining,1980,8.4 (1.2M),"Dark Comedy, Psychological Drama, Psychological Horror, Supernatural Horror, Drama, Horror","Tony Burton, Jack Nicholson, Rachel Elkind, Jack Torrance, Anne Jackson, Wendy Carlos, Stephen King, Danny Lloyd, Stanley Kubrick, Shelley Duvall, Hector Berlioz, Diane Johnson","Gross worldwide$47,962,534","Shelley Duvall, Danny Lloyd, Jack Nicholson"
67. The Great Dictator,1940,8.4 (248K),"Parody, Satire, Slapstick, Comedy, Drama, War","Hannah, A Jewish Barber, Charles Chaplin, Adolf Hitler, Paulette Goddard, Johannes Brahms, Jack Oakie, Benito Mussolini, Mr. Jaeckel","Gross worldwide$972,212","Jack Oakie, Paulette Goddard, Charles Chaplin"
68. 12th Fail,2023,8.8 (144K),"Docudrama, Biography, Drama","Medha Shankr, Jaskunwar Kohli, Vikrant Massey, Anant Joshi, Anurag Pathak, Vidhu Vinod Chopra, Manoj Sharma","Gross worldwide$138,288","Anant Joshi, Medha Shankr, Vikrant Massey"
69. Aliens,1986,8.4 (804K),"Alien Invasion, Cyberpunk, Monster Horror, Space Sci-Fi, Survival, Tragedy, Action, Adventure, Horror, Sci-Fi","Sigourney Weaver, David Giler, James Cameron, Private Vasquez, Private Hudson, Lance Henriksen, Carrie Henn, Walter Hill, Michael Biehn","Gross worldwide$131,060,248","Sigourney Weaver, Carrie Henn, Michael Biehn"
70. Inglourious Basterds,2009,8.4 (1.7M),"Dark Comedy, Period Drama, Adventure, Drama, War","Brad Pitt, Quentin Tarantino, Christoph Waltz, Lt. Aldo Raine, The Nick Perito Orchestra, Pfc. Omar Ulmer, Dimitri Tiomkin, Lawrence Bender, Paul Francis Webster, Eli Roth, Diane Kruger","Gross worldwide$321,460,744","Brad Pitt, Diane Kruger, Eli Roth"
71. The Dark Knight Rises,2012,8.4 (1.9M),"Action Epic, Epic, Superhero, Action, Drama, Thriller","Minnesota Orchestra, Marlon Brando, Christopher Nolan, Tom Hardy, Anne Hathaway, Heath Ledger, Jim Gordon, Stanislaw Skrowaczewski, Batman, Maurice Ravel, Bryan Singer, Jonathan Nolan, David S. Goyer, Christian Bale","Gross worldwide$1,114,976,407","Tom Hardy, Christian Bale, Anne Hathaway"
72. Coco,2017,8.4 (641K),"Computer Animation, Supernatural Fantasy, Adventure, Animation, Drama, Family, Fantasy, Music, Mystery","Robert Lopez, Matthew Aldrich, Germaine Franco, Kristen Anderson-Lopez, Ana Ofelia Murguía, Lee Unkrich, Adrian Molina, Libertad García Fonzi, Gael García Bernal, Benjamin Bratt, Héctor, Jason Katz, Anthony Gonzalez","Gross worldwide$814,641,172","Gael García Bernal, Benjamin Bratt, Anthony Gonzalez"
73. Amadeus,1984,8.4 (446K),"Costume Drama, Epic, Period Drama, Tragedy, Biography, Drama, Music","Lorenzo da Ponte, Tom Hulce, Peter Shaffer, Robin Leggate, Neville Marriner, Milos Forman, Isobel Buchanan, Zdenek Mahler, Samuel Ramey, Alexander Oliver, Wolfgang Amadeus Mozart, The Academy of St. Martin-in-the-Fields, John Tomlinson, Felicity Lott, Frantisek Tomasek, Elizabeth Berridge, Anne Howells, Antonio Salieri, F. Murray Abraham, Willard White, Deborah Rees, Richard Stilwell","Gross worldwide$52,110,293","Elizabeth Berridge, Tom Hulce, F. Murray Abraham"
74. Toy Story,1995,8.3 (1.1M),"Buddy Comedy, Computer Animation, Supernatural Fantasy, Urban Adventure, Adventure, Animation, Comedy, Family, Fantasy","John Lasseter, Tom Hanks, Andrew Stanton, Don Rickles, Pete Docter, Buzz, Tim Allen, Randy Newman, Woody","Gross worldwide$394,436,586","Don Rickles, Tim Allen, Tom Hanks"
75. Avengers: Endgame,2019,8.4 (1.3M),"Space Sci-Fi, Superhero, Time Travel, Tragedy, Action, Adventure, Sci-Fi","Christopher Markus, Traffic, Natasha Romanoff, Robert Downey Jr., Chris Wood, Steve Winwood, Anthony Russo, Chris Evans, Jim Capaldi, Stan Lee, Mark Ruffalo, Stephen McFeely, Joe Russo, Clint Barton","Gross worldwide$2,799,439,100","Chris Evans, Robert Downey Jr., Mark Ruffalo"
76. Good Will Hunting,1997,8.3 (1.1M),"Coming-of-Age, Psychological Drama, Drama, Romance","Matt Damon, Sean, The Wolfetones, Will, Gus Van Sant, Ben Affleck, Robin Williams","Gross worldwide$225,933,435","Matt Damon, Ben Affleck, Robin Williams"
77. Oldboy,2003,8.3 (673K),"Dark Comedy, One-Person Army Action, Psychological Drama, Psychological Thriller, Action, Drama, Mystery, Thriller","Nobuaki Minegishi, Choi Min-sik, Kang Hye-jeong, Park Chan-wook, Yoo Ji-tae, Garon Tsuchiya, Starsailor, Woo-jin Lee","Gross worldwide$17,592,355","Yoo Ji-tae, Choi Min-sik, Kang Hye-jeong"
78. Dr. Strangelove or: How I Learned to Stop Worrying and Love the Bomb,1964,8.3 (536K),"Dark Comedy, Farce, Political Drama, Satire, Tragedy, Comedy, War","Jimmy Campbell, Peter Bull, Peter George, George C. Scott, Sterling Hayden, Reginald Connelly, Laurie Johnson, Stanley Kubrick, Harry M. Woods, Peter Sellers, Terry Southern, President Merkin Muffley","Gross worldwide$9,631,984","George C. Scott, Peter Sellers, Sterling Hayden"
79. American Beauty,1999,8.3 (1.2M),"Psychological Drama, Tragedy, Drama","John Lennon, Tom Cruise, Sam Mendes, Lester Burnham, Thora Birch, Nicole Kidman, Elliott Smith, Paul McCartney, Annette Bening, Mena Suvari, Kevin Spacey, Alan Ball","Gross worldwide$356,296,601","Thora Birch, Kevin Spacey, Annette Bening"
80. Das Boot,1981,8.4 (278K),"Epic, War Epic, Drama, War","Jürgen Prochnow, Rosita Serrano, Lothar G. Buchheim, Lt. Werner, Herbert Grönemeyer, Michael Jary, Klaus Wennemann, Wolfgang Petersen, Captain, Sebastian Iradier","Gross worldwide$11,488,778","Klaus Wennemann, Jürgen Prochnow, Herbert Grönemeyer"
81. Braveheart,1995,8.3 (1.1M),"Action Epic, Costume Drama, Epic, Period Drama, War Epic, Biography, Drama, War","Veteran, Young Soldier, Patrick McGoohan, Sophie Marceau, Mel Gibson, Randall Wallace, William Wallace","Gross worldwide$213,216,216","Mel Gibson, Patrick McGoohan, Sophie Marceau"
82. Princess Mononoke,1997,8.3 (455K),"Action Epic, Adult Animation, Adventure Epic, Anime, Dark Fantasy, Fantasy Epic, Hand-Drawn Animation, Quest, Adventure, Animation","Hayao Miyazaki, Tokyo City Philharmonic Orchestra, Yuriko Ishida, Yûko Tanaka, Yôji Matsuda, Yoshikazu Mera, Hiroshi Kumagai, Toshio Suzuki, Joe Hisaishi, Harvey Weinstein","Gross worldwide$170,518,820","Yôji Matsuda, Yûko Tanaka, Yuriko Ishida"
83. Your Name.,2016,8.4 (351K),"Anime, Shōjo, Animation, Drama, Fantasy, Romance","Mone Kamishiraishi, Ryo Narita, Radwimps, Makoto Shinkai, Hitoha Miyamizu, Ryûnosuke Kamiki, Youjirou Noda","Gross worldwide$405,340,703","Ryo Narita, Mone Kamishiraishi, Ryûnosuke Kamiki"
84. High and Low,1963,8.4 (59K),"Police Procedural, Crime, Drama, Mystery, Thriller","Tatsuya Nakadai, Yumi Shirakawa, Hideo Oguni, Eijirô Hisaita, Kingo Gondo, Toshirô Mifune, Akira Kurosawa, Yutaka Sada, Ryûzô Kikushima, Kazuko Kurosawa, Ginjirô Takeuchi, medical intern","Gross worldwide$64,259","Yutaka Sada, Tatsuya Nakadai, Toshirô Mifune"
85. 3 Idiots,2009,8.4 (455K),"Buddy Comedy, Coming-of-Age, Quirky Comedy, Comedy, Drama","Sonu Nigam, Swanand Kirkire, Machine Class Professor, Abhijat Joshi, Shaan, Rajkumar Hirani, Mona Singh, Rancho, Shantanu Moitra, Madhavan, Vidhu Vinod Chopra, Aamir Khan","Gross worldwide$60,262,836","Madhavan, Aamir Khan, Mona Singh"
86. Joker,2019,8.3 (1.6M),"Psychological Drama, Psychological Thriller, Tragedy, Crime, Drama, Thriller","Claude Bolling, Robert De Niro, Bob Kane, Todd Phillips, Scott Silver, Joaquin Phoenix, Zazie Beetz, Arthur Fleck","Gross worldwide$1,078,958,629","Joaquin Phoenix, Robert De Niro, Zazie Beetz"
87. Once Upon a Time in America,1984,8.3 (392K),"Dark Comedy, Epic, Gangster, Period Drama, Crime, Drama","Harry Grey, James Woods, Joey Faye, Noodles, Nino Baragli, Piero De Bernardi, Robert De Niro, Leonardo Benvenuti, Elizabeth McGovern, Sergio Leone, Kate Smith, Irving Berlin","Gross worldwide$5,476,126","James Woods, Elizabeth McGovern, Robert De Niro"
88. Capernaum,2018,8.4 (115K),Drama,"Nadine Labaki, Zain, Yordanos Shiferaw, Zain Al Rafeea, Jihad Hojeily, Boluwatife Treasure Bankole, Michelle Keserwany","Gross worldwide$64,417,003","Boluwatife Treasure Bankole, Yordanos Shiferaw, Zain Al Rafeea"
89. Singin' in the Rain,1952,8.3 (271K),"Classic Musical, Feel-Good Romance, Jukebox Musical, Romantic Comedy, Satire, Comedy, Musical, Romance","Betty Comden, Stanley Donen, Cosmo Brown, Cyd Charisse, Adolph Green, Al Hoffman, Debbie Reynolds, Donald O'Connor, Gene Kelly, Al Goodhart, Arthur Freed","Gross worldwide$2,094,272","Gene Kelly, Debbie Reynolds, Donald O'Connor"
90. Come and See,1985,8.3 (110K),"Epic, Period Drama, Tragedy, War Epic, Drama, Thriller, War","Olga Mironova, Ales Adamovich, Richard Wagner, Aleksey Kravchenko, Flyora Gaishun, Elem Klimov, Liubomiras Laucevicius","Gross worldwide$20,929,648","Olga Mironova, Aleksey Kravchenko, Liubomiras Laucevicius"
91. Requiem for a Dream,2000,8.3 (933K),"Psychological Drama, Tragedy, Drama","Jennifer Connelly, Sara Goldfarb, Hubert Selby Jr., Harry Goldfarb, Jared Leto, Matthew Libatique, Brian Emrich, Tico Torres, Ellen Burstyn, Darren Aronofsky","Gross worldwide$7,391,471","Ellen Burstyn, Jennifer Connelly, Jared Leto"
92. Toy Story 3,2010,8.3 (925K),"Computer Animation, Supernatural Fantasy, Urban Adventure, Adventure, Animation, Comedy, Family, Fantasy","Joan Cusack, John Lasseter, Mitchell Froom, Tom Hanks, Andrew Stanton, Lee Unkrich, Tim Allen, Randy Newman, Woody","Gross worldwide$1,067,316,101","Tim Allen, Tom Hanks, Joan Cusack"
93. Star Wars: Episode VI - Return of the Jedi,1983,8.3 (1.2M),"Action Epic, Adventure Epic, Dark Fantasy, Epic, Fantasy Epic, Globetrotting Adventure, Quest, Sci-Fi Epic, Space Sci-Fi, Sword & Sorcery","Harrison Ford, Carrie Fisher, Luke Skywalker, Richard Marquand, Lawrence Kasdan, John Williams, Joseph Williams, Michele Gruska, Ernie Fosselius, Warwick Davis, George Lucas, Anakin Skywalker, Annie Arbogast, Mark Hamill","Gross worldwide$482,466,382","Harrison Ford, Carrie Fisher, Mark Hamill"
94. The Hunt,2012,8.3 (385K),"Psychological Drama, Tragedy, Drama","Annika Wedderkopp, Lucas, Theo, Thomas Vinterberg, Agnes, Van Morrison, Thomas Bo Larsen, Tobias Lindholm, Mads Mikkelsen","Gross worldwide$15,886,373","Annika Wedderkopp, Thomas Bo Larsen, Mads Mikkelsen"
95. Eternal Sunshine of the Spotless Mind,2004,8.3 (1.1M),"Dark Romance, Psychological Drama, Drama, Romance, Sci-Fi","Tom Wilkinson, Charlie Kaufman, Jon Brion, Kate Winslet, Pierre Bismuth, Beck, Mark Ruffalo, Michel Gondry, Joel Barish, Elijah Wood, Jim Carrey, James Warren, Clementine Kruczynski","Gross worldwide$73,384,095","Jim Carrey, Kate Winslet, Tom Wilkinson"
96. Ikiru,1952,8.3 (95K),"Psychological Drama, Tragedy, Drama","Kanji, Shinobu Hashimoto, Georges Koger, Hideo Oguni, Nobuo Kaneko, Akira Kurosawa, Shin'ichi Himori, Henri Varna, Takashi Shimura, Josephine Baker, Vincent Scotto","Gross worldwide$113,821","Shin'ichi Himori, Nobuo Kaneko, Takashi Shimura"
97. 2001: A Space Odyssey,1968,8.3 (749K),"Adventure Epic, Artificial Intelligence, Epic, Psychological Drama, Sci-Fi Epic, Space Sci-Fi, Adventure, Sci-Fi","William Sylvester, Aram Khachaturyan, Arthur C. Clarke, Douglas Trumbull, Stanley Kubrick, Gennadi Rozhdestvensky, HAL, Gary Lockwood, Keir Dullea, Leningrad Philharmonic Orchestra","Gross worldwide$66,810,089","Gary Lockwood, Keir Dullea, William Sylvester"
98. Reservoir Dogs,1992,8.3 (1.1M),"Gangster, Heist, Crime, Thriller","Quentin Tarantino, Mr. Pink, Mr. Blue, George Baker, Tim Roth, Nice Guy Eddie, Jan Gerbrand Visser, George Baker Selection, Chris Penn, Steve Buscemi, Michael Madsen, Roger Avary, Harvey Keitel","Gross worldwide$2,932,006","Tim Roth, Harvey Keitel, Michael Madsen"
99. The Apartment,1960,8.3 (207K),"Farce, Holiday Comedy, Holiday Romance, Romantic Comedy, Comedy, Drama, Holiday, Romance","C.C. Baxter, Frederick Oakeley, Shirley MacLaine, Fran Kubelik, Alexandre Trauner, Edward G. Boyle, Billy Wilder, Fred MacMurray, I.A.L. Diamond, John Francis Wade, Jack Lemmon","Gross worldwide$18,783,770","Shirley MacLaine, Fred MacMurray, Jack Lemmon"
100. Incendies,2010,8.3 (224K),"Suspense Mystery, Drama, Mystery, War","Jonny Greenwood, Ed O'Brien, Phil Selway, Mélissa Désormeaux-Poulin, Lubna Azabal, Valérie Beaugrand-Champagne, Denis Villeneuve, Thom Yorke, Simon Marwan, Maxim Gaudette, Radiohead, Wajdi Mouawad, Colin Greenwood","Gross worldwide$6,797,861","Lubna Azabal, Mélissa Désormeaux-Poulin, Maxim Gaudette"
101. Lawrence of Arabia,1962,8.3 (327K),"Adventure Epic, Desert Adventure, Epic, Tragedy, War Epic, Adventure, Biography, Drama, War","Peter O'Toole, Alec Guinness, Michael Wilson, Abdullah II King Of Jordan, T.E. Lawrence, Sam Spiegel, David Lean, Anthony Quinn, Fred Gilbert, William Potter, Robert Bolt, King Hussein","Gross worldwide$45,766,917","Peter O'Toole, Alec Guinness, Anthony Quinn"
102. Scarface,1983,8.3 (956K),"Drug Crime, Epic, Gangster, Tragedy, Crime, Drama","Tony Montana, Ben Hecht, Al Pacino, Howard Hawks, Oliver Stone, Giorgio Moroder, Brian De Palma, Pete Bellotte, Steven Bauer, Paul Engemann, Michelle Pfeiffer","Gross worldwide$66,443,303","Steven Bauer, Michelle Pfeiffer, Al Pacino"
103. Double Indemnity,1944,8.3 (174K),"Film Noir, Hard-boiled Detective, Crime, Drama, Mystery, Thriller","Edward G. Robinson, Barbara Stanwyck, Victor Schertzinger, Billy Wilder, Fred MacMurray, James M. Cain, Barton Keyes, Raymond Chandler, Walter Neff","Gross worldwide$21,026","Fred MacMurray, Barbara Stanwyck, Edward G. Robinson"
104. North by Northwest,1959,8.3 (359K),"Spy, Adventure, Drama, Mystery, Thriller","Roger Thornhill, Harold Adamson, Jimmy McHugh, Cary Grant, Ticket Seller, Ernest Lehman, Gerald Devriès, James Mason, Alfred Hitchcock, James Stewart, Eva Marie Saint, Otto Preminger","Gross worldwide$192,323","Cary Grant, James Mason, Eva Marie Saint"
105. Heat,1995,8.3 (749K),"Action Epic, Cop Drama, Epic, Gangster, Heist, Action, Crime, Drama","Passengers, Al Pacino, Robert De Niro, Val Kilmer, Vincent Hanna, Michael Mann, Diane Venora, Hank Azaria, Ashley Judd","Gross worldwide$187,436,818","Robert De Niro, Val Kilmer, Al Pacino"
106. Citizen Kane,1941,8.3 (479K),"Epic, Period Drama, Tragedy, Drama, Mystery","Mr. Bernstein, Orson Welles, CeePee Johnson, Buddy Collette, Alton Redd, Dorothy Comingore, Charlie Barnet, Herman J. Mankiewicz, Joseph Cotten, John Houseman, The King Cole Trio, Gregg Toland, Haven Johnson","Gross worldwide$1,707,754","Dorothy Comingore, Orson Welles, Joseph Cotten"
107. Up,2009,8.3 (1.2M),"Coming-of-Age, Computer Animation, Globetrotting Adventure, Adventure, Animation, Comedy, Drama, Family","Edward Asner, John Ratzenberger, Jordan Nagai, Felix Mendelssohn, Bob Peterson, Tom McCarthy, Carl Fredricksen, Dug, Pete Docter","Gross worldwide$735,102,136","Edward Asner, John Ratzenberger, Jordan Nagai"
108. M,1931,8.3 (176K),"Psychological Thriller, Serial Killer, Suspense Mystery, Crime, Mystery, Thriller","Fritz Lang, Hans Beckert, Peter Lorre, Ellen Widmann, Schraenker, Thea von Harbou, Inge Landgut, Edvard Grieg, Egon Jacobsohn","Gross worldwide$35,566","Ellen Widmann, Peter Lorre, Inge Landgut"
109. Full Metal Jacket,1987,8.2 (817K),"Dark Comedy, Period Drama, Drama, War","Vincent D'Onofrio, Tom T. Hall, R. Lee Ermey, Michael Herr, Stanley Kubrick, Gustav Hasford, Johnny Wright, Matthew Modine, Gunnery Sergeant Hartman","Gross worldwide$50,193,748","Vincent D'Onofrio, Matthew Modine, R. Lee Ermey"
110. Vertigo,1958,8.3 (443K),"Psychological Thriller, Tragedy, Mystery, Romance, Thriller","Alec Coppel, Barbara Bel Geddes, Saul Bass, Samuel A. Taylor, Pierre Boileau, Scottie, Alfred Hitchcock, James Stewart, Madeleine, Wolfgang Amadeus Mozart, Kim Novak","Gross worldwide$7,968,347","Barbara Bel Geddes, James Stewart, Kim Novak"
111. Amélie,2001,8.3 (815K),"Feel-Good Romance, Quirky Comedy, Romantic Comedy, Comedy, Romance","Rufus, Audrey Tautou, Neil Hannon, Mathieu Kassovitz, The Sacré-Coeur Boy, Guillaume Laurant, Yann Tiersen, Jean-Pierre Jeunet","Gross worldwide$175,183,052","Mathieu Kassovitz, Rufus, Audrey Tautou"
112. A Clockwork Orange,1971,8.2 (907K),"Dark Comedy, Dystopian Sci-Fi, Crime, Sci-Fi","Michael Bates, Patrick Magee, Ludwig van Beethoven, Malcolm McDowell, Stanley Kubrick, Alex, Anthony Burgess","Gross worldwide$27,034,174","Patrick Magee, Michael Bates, Malcolm McDowell"
113. A Separation,2011,8.3 (268K),"Legal Drama, Psychological Drama, Drama","Sareh Bayat, Simin, Asghar Farhadi, Leila Hatami, Payman Maadi, Nader","Gross worldwide$22,926,076","Sareh Bayat, Payman Maadi, Leila Hatami"
114. To Kill a Mockingbird,1962,8.3 (342K),"Legal Drama, Period Drama, Crime, Drama","Frank Overton, Atticus Finch, Harper Lee, Gregory Peck, John Megna, Jem, Horton Foote, Robert Mulligan","Gross worldwide$601,391","Gregory Peck, Frank Overton, John Megna"
115. Oppenheimer,2023,8.3 (865K),"Docudrama, Epic, Historical Epic, Period Drama, Psychological Drama, Biography, Drama, History","Matt Damon, Christopher Nolan, Albert Einstein, J. Robert Oppenheimer, Kai Bird, Les Brown and His Band of Renown, Martin Sherwin, Gerhard Narholz, Emily Blunt, Cillian Murphy","Gross worldwide$975,811,333","Matt Damon, Cillian Murphy, Emily Blunt"
116. Die Hard,1988,8.2 (985K),"Disaster, One-Person Army Action, Action, Holiday, Thriller","Nacio Herb Brown, Arthur Freed, Bonnie Bedelia, Jeb Stuart, Alan Rickman, John McTiernan, John McClane, Steven E. de Souza, Roderick Thorp, Bruce Willis","Gross worldwide$143,651,650","Alan Rickman, Bonnie Bedelia, Bruce Willis"
117. The Sting,1973,8.3 (289K),"Caper, Comedy, Crime, Drama","George Roy Hill, Eileen Brennan, Robert Shaw, Robert Redford, Charles Durning, Scott Joplin, Henry Gondorff, David S. Ward, Marvin Hamlisch, Johnny Hooker, Paul Newman","Gross worldwide$156,000,000","Robert Redford, Robert Shaw, Paul Newman"
118. Like Stars on Earth,2007,8.3 (216K),"Drama, Family","Amole Gupte, Tisca Chopra, Amitabh Bachchan, Abhishek Bachchan, Shankar Mahadevan, Vivienne Pocha, Darsheel Safary, Ehsaan Noorani, Ram Shankar Nikumbh, Loy Mendonsa, Dominique Cerejo, Aamir Khan, Prasoon Joshi","Gross worldwide$21,897,373","Darsheel Safary, Aamir Khan, Tisca Chopra"
119. Indiana Jones and the Last Crusade,1989,8.2 (834K),"Adventure Epic, Desert Adventure, Globetrotting Adventure, Quest, Action, Adventure","Harrison Ford, Indiana Jones, Steven Spielberg, Jeffrey Boam, Leo Robin, Sean Connery, Ralph Rainger, Vic Armstrong, Menno Meyjes, George Lucas, Benny Goodman, Alison Doody","Gross worldwide$474,171,806","Sean Connery, Harrison Ford, Alison Doody"
120. Metropolis,1927,8.3 (193K),"Dystopian Sci-Fi, Epic, Sci-Fi Epic, Steampunk, Drama, Sci-Fi","Thea von Harbou, Brigitte Helm, Maria, Alfred Abel, Gustav Fröhlich, Fritz Lang","Gross worldwide$1,350,322","Alfred Abel, Brigitte Helm, Gustav Fröhlich"
121. Snatch,2000,8.2 (940K),"Caper, Dark Comedy, Gangster, Comedy, Crime","Jason Statham, Brad Pitt, Guy Ritchie, Turkish, Overseer, Dr. Chug, Stephen Graham","Gross worldwide$83,557,872","Jason Statham, Brad Pitt, Stephen Graham"
122. 1917,2019,8.2 (721K),"Epic, Period Drama, War Epic, Action, Drama, War","Lee Smith, Daniel Mays, Craig Leon, Sam Mendes, General Erinmore, Krysty Wilson-Cairns, Dean-Charles Chapman, Jos Slovick, George MacKay","Gross worldwide$446,064,352","George MacKay, Dean-Charles Chapman, Daniel Mays"
123. L.A. Confidential,1997,8.2 (638K),"Conspiracy Thriller, Cop Drama, Hard-boiled Detective, Period Drama, Police Procedural, Suspense Mystery, Whodunnit, Crime, Drama, Mystery","Brian Helgeland, James Ellroy, Russell Crowe, Harold Arlen, Johnny Mercer, Guy Pearce, Captain Dudley Smith, Curtis Hanson, Kevin Spacey","Gross worldwide$126,216,940","Russell Crowe, Kevin Spacey, Guy Pearce"
124. Bicycle Thieves,1948,8.2 (184K),"Tragedy, Drama","Oreste Biancoli, Lamberto Maggiorani, Antonio Ricci, Lianella Carell, Cesare Zavattini, Enzo Staiola, Vittorio De Sica, Luigi Bartolini","Gross worldwide$451,336","Enzo Staiola, Lamberto Maggiorani, Lianella Carell"
125. Downfall,2004,8.2 (386K),"Docudrama, Political Drama, Tragedy, Biography, Drama, History, War","Oliver Hirschbiegel, Bruno Ganz, Traudl Junge, Horst Liebenau, Ulrich Matthes, Stephan Zacharias, Bernd Eichinger, Adolf Hitler, General der Infanterie Wilhelm Burgdorf, Alexandra Maria Lara, Henry Purcell, Joachim Fest","Gross worldwide$92,181,574","Bruno Ganz, Ulrich Matthes, Alexandra Maria Lara"
126. Dangal,2016,8.3 (223K),"Action, Biography, Drama, Sport","Nitesh Tiwari, Sartaz Khan Barna, Sarwar Khan, Dayam Khan, Kheta Khan, Piyush Gupta, Nikhil Mehrotra, Sakshi Tanwar, Shreyas Jain, Fatima Sana Shaikh, Mahavir Singh Phogat, Pritam Chakraborty, Amitabh Bhattacharya, Aamir Khan","Gross worldwide$303,726,694","Sakshi Tanwar, Fatima Sana Shaikh, Aamir Khan"
127. Taxi Driver,1976,8.2 (970K),"Psychological Drama, Crime, Drama","Paul Schrader, Travis Bickle, Robert De Niro, Martin Scorsese, Jackson Browne, Jodie Foster, Cybill Shepherd","Gross worldwide$28,580,862","Robert De Niro, Cybill Shepherd, Jodie Foster"
128. Hamilton,2020,8.3 (126K),"Epic, Biography, Drama, History, Musical","Thomas Kail, King George, Anthony Ramos, Leslie Odom Jr., Ron Chernow, Okieriete Onaodowan, Daveed Diggs, Lin-Manuel Miranda, Chris Jackson, Phillipa Soo",Unknown,"Leslie Odom Jr., Lin-Manuel Miranda, Phillipa Soo"
129. The Wolf of Wall Street,2013,8.2 (1.7M),"Dark Comedy, Docudrama, Epic, Raunchy Comedy, Satire, True Crime, Biography, Comedy, Crime, Drama","Theodore Shapiro, Terence Winter, Jonah Hill, Jordan Belfort, Martin Scorsese, Matthew McConaughey, Leonardo DiCaprio, Margot Robbie, Donnie Azoff, Max Belfort","Gross worldwide$407,039,432","Leonardo DiCaprio, Margot Robbie, Jonah Hill"
130. Batman Begins,2005,8.2 (1.6M),"Action Epic, Epic, Superhero, Tragedy, Action, Drama","Christopher Nolan, Ken Watanabe, Michael Caine, Arrigo Boito, Bob Kane, London Symphony Orchestra, Julius Rudel, The Ambrosian Singers, David S. Goyer, Christian Bale, Henri Ducard","Gross worldwide$375,406,308","Ken Watanabe, Michael Caine, Christian Bale"
131. Green Book,2018,8.2 (627K),"Docudrama, Period Drama, Road Trip, Biography, Comedy, Drama, Music","Nick Vallelonga, Tony Lip, Harold Arlen, Johnny Mercer, Peter Farrelly, Mahershala Ali, Linda Cardellini, Brian Hayes Currie, Viggo Mortensen","Gross worldwide$321,752,656","Mahershala Ali, Linda Cardellini, Viggo Mortensen"
132. For a Few Dollars More,1965,8.2 (286K),"One-Person Army Action, Spaghetti Western, Drama, Western","Col. Douglas Mortimer, Lee Van Cleef, Clint Eastwood, Gian Maria Volontè, Alberto Grimaldi, Luciano Vincenzoni, Sergio Leone, Fulvio Morsella, Monco, Ennio Morricone","Gross worldwide$15,000,000","Lee Van Cleef, Clint Eastwood, Gian Maria Volontè"
133. The Truman Show,1998,8.2 (1.3M),"Dark Comedy, High-Concept Comedy, Psychological Drama, Satire, Showbiz Drama, Comedy, Drama","Truman, Andrew Niccol, Ed Harris, Laura Linney, Wilhelm Kempff, Jim Carrey, Wolfgang Amadeus Mozart, Peter Weir","Gross worldwide$264,118,712","Jim Carrey, Ed Harris, Laura Linney"
134. Judgment at Nuremberg,1961,8.3 (90K),"Legal Drama, Drama, War","Abby Mann, Hans Leip, Richard Widmark, Judge Dan Haywood, Charles Dorat, Montgomery Clift, Burt Lancaster, Spencer Tracy, Norbert Schultze, Stanley Kramer, Ernst Janning, Marlene Dietrich","Gross worldwide$12,180","Burt Lancaster, Richard Widmark, Spencer Tracy"
135. Some Like It Hot,1959,8.2 (293K),"Buddy Comedy, Farce, Satire, Screwball Comedy, Comedy, Music, Romance","Alton Hendrickson, Robert Thoeren, Gene Cipriano, Osgood, Jerry, Billy Wilder, I.A.L. Diamond, Marilyn Monroe, Jack Lemmon, Leo Wood, Tony Curtis, Joe Grey, A.H. Gibbs","Gross worldwide$208,786","Tony Curtis, Marilyn Monroe, Jack Lemmon"
136. The Kid,1921,8.2 (140K),"Buddy Comedy, Slapstick, Comedy, Drama, Family","Jackie Coogan, Edna Purviance, Roland Totheroh, Charles Chaplin","Gross worldwide$41,979","Jackie Coogan, Edna Purviance, Charles Chaplin"
137. Shutter Island,2010,8.2 (1.5M),"Psychological Thriller, Suspense Mystery, Drama, Mystery, Thriller","Teddy Daniels, Berliner Philharmoniker, Laeta Kalogridis, Dennis Lehane, György Ligeti, Gustav Mahler, Martin Scorsese, Mark Ruffalo, Jonathan Nott, Emily Mortimer, Leonardo DiCaprio, Chuck Aule","Gross worldwide$294,972,125","Leonardo DiCaprio, Emily Mortimer, Mark Ruffalo"
138. The Father,2020,8.2 (210K),"Psychological Drama, Drama, Mystery","Redi Hasa, Mark Gatiss, Olivia Colman, Anthony Hopkins, Ludovico Einaudi, Christopher Hampton, Florian Zeller, Anthony, Federico Mecozzi","Gross worldwide$24,048,935","Olivia Colman, Mark Gatiss, Anthony Hopkins"
139. All About Eve,1950,8.2 (144K),"Showbiz Drama, Drama","Franz Liszt, Mary Orr, Anne Baxter, Bette Davis, Margo, George Sanders, Joseph L. Mankiewicz, Gary Merrill","Gross worldwide$154,736","George Sanders, Bette Davis, Anne Baxter"
140. Jurassic Park,1993,8.2 (1.1M),"Dinosaur Adventure, Jungle Adventure, Action, Adventure, Sci-Fi, Thriller","Michael Crichton, Laura Dern, Steven Spielberg, Sam Neill, Dr. Ian Malcolm, John Hammond, David Koepp, Dolores Guadalupe Olivares, Jeff Goldblum","Gross worldwide$1,104,379,926","Jeff Goldblum, Sam Neill, Laura Dern"
141. There Will Be Blood,2007,8.2 (666K),"Epic, Period Drama, Psychological Drama, Tragedy, Drama","Daniel Day-Lewis, Upton Sinclair, Paul Dano, Jonny Greenwood, Robert Ziegler, Ciarán Hinds, Eli Sunday, Daniel Plainview, Dillon Freasier, BBC Concert Orchestra, Paul Thomas Anderson","Gross worldwide$76,430,381","Daniel Day-Lewis, Paul Dano, Ciarán Hinds"
142. Casino,1995,8.2 (588K),"Docudrama, Epic, Gangster, True Crime, Crime, Drama","Sharon Stone, Nicholas Pileggi, Robert De Niro, Martin Scorsese, Chicago Symphony Orchestra, Johann Sebastian Bach, Georg Solti, Ace Rothstein, Joe Pesci","Gross worldwide$116,112,375","Robert De Niro, Sharon Stone, Joe Pesci"
143. The Sixth Sense,1999,8.2 (1.1M),"Psychological Drama, Psychological Thriller, Suspense Mystery, Drama, Mystery, Thriller","Haley Joel Osment, Malcolm Crowe, Sammy Cahn, Chet Baker, Toni Collette, Cole Sear, M. Night Shyamalan, Bruce Willis, Jule Styne","Gross worldwide$672,806,432","Toni Collette, Haley Joel Osment, Bruce Willis"
144. Ran,1985,8.2 (142K),"Epic, Samurai, Tragedy, War Epic, Action, Drama, War","Tatsuya Nakadai, Kyoami, Jinpachi Nezu, Hideo Oguni, Akira Terao, Yôko Yaguchi, Akira Kurosawa, Masato Ide","Gross worldwide$4,172,871","Akira Terao, Tatsuya Nakadai, Jinpachi Nezu"
145. Top Gun: Maverick,2022,8.2 (763K),"Action Epic, Epic, Action, Drama","Jack Epps Jr., Tom Cruise, Peter Craig, Jennifer Connelly, Maverick, Jim Cash, Rear Admiral, Kenny Loggins, Miles Teller, Giorgio Moroder, Tom Whitlock, Joseph Kosinski","Gross worldwide$1,495,696,292","Jennifer Connelly, Tom Cruise, Miles Teller"
146. No Country for Old Men,2007,8.2 (1.1M),"Contemporary Western, Serial Killer, Crime, Drama, Thriller","Javier Bardem, Gas Station Proprietor, John Mancha, Cormac McCarthy, Tommy Lee Jones, Anton Chigurh, Angel H. Alvarado Jr., Milton Hernandez, David A. Gomez, Joel Coen, Josh Brolin, Ethan Coen","Gross worldwide$171,632,777","Javier Bardem, Tommy Lee Jones, Josh Brolin"
147. The Thing,1982,8.2 (494K),"Alien Invasion, Body Horror, Monster Horror, Supernatural Horror, Tragedy, Horror, Mystery, Sci-Fi","Bill Lancaster, John Carpenter, Wilford Brimley, Billie Holiday, Garry, Kurt Russell, John W. Campbell Jr., Keith David, Arthur Herzog Jr.","Gross worldwide$20,836,881","Wilford Brimley, Kurt Russell, Keith David"
148. Pan's Labyrinth,2006,8.2 (722K),"Coming-of-Age, Dark Fantasy, Fairy Tale, Period Drama, Supernatural Fantasy, Teen Fantasy, Tragedy, Drama, Fantasy, War","Sergi López, Mercedes, Capitán Vidal, Doug Jones, Javier Navarrete, Ariadna Gil, Ivana Baquero, Guillermo del Toro","Gross worldwide$83,863,565","Ivana Baquero, Sergi López, Ariadna Gil"
149. Unforgiven,1992,8.2 (452K),"Period Drama, Tragedy, Drama, Western","Lennie Niehaus, Little Bill Daggett, Will Munny, David Webb Peoples, Clint Eastwood, Gene Hackman, Sergio Leone, Don Siegel, Morgan Freeman","Gross worldwide$159,167,799","Gene Hackman, Clint Eastwood, Morgan Freeman"
150. A Beautiful Mind,2001,8.2 (1M),"Docudrama, Period Drama, Psychological Drama, Biography, Drama, Mystery","Jennifer Connelly, Russell Crowe, Ron Howard, Will Jennings, John Nash, Charlotte Church, Dr. Rosen, Ed Harris, Akiva Goldsman, Sylvia Nasar, James Horner","Gross worldwide$316,791,257","Russell Crowe, Jennifer Connelly, Ed Harris"
151. Kill Bill: Vol. 1,2003,8.2 (1.2M),"Kung Fu, Martial Arts, One-Person Army Action, Action, Crime, Thriller","Nancy Sinatra, Quentin Tarantino, Shin'ichi Chiba, Sonny Bono, Daryl Hannah, David Carradine, Uma Thurman, Chiaki Kuriyama, Hattori Hanzo","Gross worldwide$180,908,413","David Carradine, Daryl Hannah, Uma Thurman"
152. The Treasure of the Sierra Madre,1948,8.2 (137K),"Tragedy, Adventure, Drama, Western","Charles Dorat, Gold Hat, B. Traven, John Huston, Walter Huston, Humphrey Bogart, Tim Holt","Gross worldwide$5,014,000","Walter Huston, Humphrey Bogart, Tim Holt"
153. Prisoners,2013,8.2 (862K),"Psychological Thriller, Suspense Mystery, Crime, Drama, Mystery, Thriller","Jake Gyllenhaal, Keller Dover, Ocean, Hugh Jackman, Denis Villeneuve, Aaron Guzikowski, Gene MacLellan, Viola Davis","Gross worldwide$122,127,446","Hugh Jackman, Jake Gyllenhaal, Viola Davis"
154. Yojimbo,1961,8.2 (137K),"One-Person Army Action, Period Drama, Samurai, Action, Drama, Thriller","Tatsuya Nakadai, Sanjuro, Eijirô Tôno, Toshirô Mifune, Akira Kurosawa, Ryûzô Kikushima","Gross worldwide$68,178","Tatsuya Nakadai, Toshirô Mifune, Eijirô Tôno"
155. Finding Nemo,2003,8.2 (1.2M),"Animal Adventure, Buddy Comedy, Computer Animation, Quest, Sea Adventure, Adventure, Animation, Comedy, Family","Vinicius de Moraes, John Lasseter, Alexander Gould, Antonio Carlos Jobim, Bob Peterson, Andrew Stanton, David Reynolds, Lee Unkrich, Ellen DeGeneres, Norman Gimbel, Albert Brooks, Dory","Gross worldwide$941,637,960","Albert Brooks, Ellen DeGeneres, Alexander Gould"
156. The Great Escape,1963,8.2 (267K),"Period Drama, Prison Drama, War Epic, Adventure, Drama, Thriller, War","James Garner, Von Luger, W.R. Burnett, Richard Attenborough, James Clavell, Paul Brickhill, John Sturges, Steve McQueen","Gross worldwide$230,637","Richard Attenborough, James Garner, Steve McQueen"
157. Monty Python and the Holy Grail,1975,8.2 (585K),"Farce, Parody, Quest, Satire, Sketch Comedy, Slapstick, Sword & Sorcery, Adventure, Comedy, Fantasy","Terry Jones, King Arthur, Eric Idle, Pink Floyd, Dennis, Woman, Monty Python, Genesis, Neil Innes, Graham Chapman, Led Zeppelin, Terry Gilliam, John Cleese","Gross worldwide$2,817,496","Eric Idle, John Cleese, Graham Chapman"
158. Howl's Moving Castle,2004,8.2 (478K),"Adventure Epic, Anime, Hand-Drawn Animation, Supernatural Fantasy, Adventure, Animation, Family, Fantasy","Hayao Miyazaki, Young Sophie, Takuya Kimura, Shuntarô Tanikawa, Chieko Baishô, Joe Hisaishi, Yumi Kimura, Howl, Diana Wynne Jones, Christian Bale, Tatsuya Gashûin","Gross worldwide$240,909,277","Takuya Kimura, Chieko Baishô, Tatsuya Gashûin"
159. The Elephant Man,1980,8.2 (271K),"Docudrama, Period Drama, Tragedy, Biography, Drama","Samuel Barber, Anne Bancroft, David Lynch, Anthony Hopkins, John Merrick, André Previn, London Symphony Orchestra, Christopher De Vore, John Hurt, Mel Brooks, Eric Bergren","Gross worldwide$26,034,325","John Hurt, Anne Bancroft, Anthony Hopkins"
160. I'm Still Here,2024,8.4 (94K),"Docudrama, Period Drama, Political Drama, Biography, Drama, History","Fernanda Montenegro, Selton Mello, Murilo Hauser, Heitor Lorega, Léo Maia, Martha, Eunice Paiva, Fernanda Torres, Marcelo Rubens Paiva, Tim Maia, Walter Salles","Gross worldwide$33,983,751","Fernanda Montenegro, Selton Mello, Fernanda Torres"
161. Dial M for Murder,1954,8.2 (197K),"Crime, Drama, Mystery, Thriller","Robert Cummings, Tony Wendice, Charles Dorat, Cary Grant, Margot Mary Wendice, Mark Halliday, Alfred Hitchcock, Grace Kelly, Ray Milland, Frederick Knott","Gross worldwide$45,313","Grace Kelly, Ray Milland, Robert Cummings"
162. Gone with the Wind,1939,8.2 (345K),"Costume Drama, Epic, Period Drama, Romantic Epic, Tragic Romance, War Epic, Drama, Romance, War","Oliver H.P. Garrett, Victor Fleming, Vivien Leigh, Rhett Butler, Sidney Howard, Hattie McDaniel, Scarlett, Clark Gable, Thomas Mitchell, Margaret Mitchell, Alfred Newman","Gross worldwide$402,382,193","Vivien Leigh, Clark Gable, Thomas Mitchell"
163. Rashomon,1950,8.2 (188K),"Period Drama, Crime, Drama, Mystery","Ryûnosuke Akutagawa, Shinobu Hashimoto, Commoner, Toshirô Mifune, Akira Kurosawa, Machiko Kyô, Fumio Hayasaka, Maurice Ravel, Masayuki Mori","Gross worldwide$139,801","Masayuki Mori, Machiko Kyô, Toshirô Mifune"
164. Klaus,2019,8.2 (212K),"Hand-Drawn Animation, Holiday Animation, Holiday Comedy, Holiday Family, Adventure, Animation, Comedy, Family, Fantasy, Holiday","J.K. Simmons, Justin Tranter, Jason Schwartzman, Klaus, Jussifer, Sergio Pablos, Caroline Pennell, Zach Lewis, Zara Larsson, Rashida Jones, Jim Mahoney, Carlos Martínez López",Unknown,"J.K. Simmons, Jason Schwartzman, Rashida Jones"
165. Chinatown,1974,8.1 (363K),"Conspiracy Thriller, Hard-boiled Detective, Psychological Drama, Psychological Thriller, Tragedy, Drama, Mystery, Thriller","Bunny Berigan and His Orchestra, Jack Nicholson, Ira Gershwin, John Huston, Faye Dunaway, Walsh, Robert Towne, Vernon Duke, Roman Polanski","Gross worldwide$29,231,954","Jack Nicholson, Faye Dunaway, John Huston"
166. The Secret in Their Eyes,2009,8.2 (231K),"Dark Romance, Erotic Thriller, Legal Thriller, Period Drama, Psychological Drama, Psychological Thriller, Suspense Mystery, Tragedy, Whodunnit, Drama","Pablo Sandoval, Soledad Villamil, Emilio Kauderer, Ricardo Darín, Pablo Rago, Juan José Campanella, Eduardo Sacheri","Gross worldwide$35,079,650","Ricardo Darín, Pablo Rago, Soledad Villamil"
"167. Lock, Stock and Two Smoking Barrels",1998,8.1 (632K),"Farce, Comedy, Crime","Guy Ritchie, Damon Minchella, Simon Fowler, Dexter Fletcher, Oscar Harrison, Bacon, Lenny McLean, Steve Cradock, Nick Moran, Ocean Colour Scene, Jason Flemyng","Gross worldwide$3,753,929","Nick Moran, Dexter Fletcher, Jason Flemyng"
168. V for Vendetta,2005,8.1 (1.2M),"Dystopian Sci-Fi, Political Thriller, Superhero, Action, Drama, Sci-Fi, Thriller","Hugo Weaving, Rupert Graves, David Lloyd, Black Label Society, Zakk Wylde, Lilly Wachowski, V, James McTeigue, Lana Wachowski, Natalie Portman","Gross worldwide$134,686,457","Hugo Weaving, Rupert Graves, Natalie Portman"
169. Inside Out,2015,8.1 (859K),"Coming-of-Age, Computer Animation, Adventure, Animation, Comedy, Drama, Family, Fantasy","Lewis Black, Ronnie Del Carmen, Bing Bong, Xavier Atencio, Gaylord Carter, Amy Poehler, Meg LeFauve, Pete Docter, Buddy Baker, Bill Hader","Gross worldwide$859,076,254","Amy Poehler, Bill Hader, Lewis Black"
170. The Wild Robot,2024,8.2 (151K),"Artificial Intelligence, Computer Animation, Survival, Animation, Sci-Fi","Pedro Pascal, Lupita Nyong'o, Ali Tamposi, Peter Brown, Delacey, Michael Pollack, Roz, Stefan Johnson, Chris Sanders, Jordan Johnson, Kit Connor, Isaiah Tejada, Kris Bowers, Monsters & Strangerz, Maren Morris","Gross worldwide$333,165,945","Pedro Pascal, Lupita Nyong'o, Kit Connor"
"171. Three Billboards Outside Ebbing, Missouri",2017,8.1 (579K),"Dark Comedy, Satire, Comedy, Crime, Drama","Renée Fleming, Thomas Moore, English Chamber Orchestra, Desk Sergeant, Woody Harrelson, Jeffrey Tate, Frances McDormand, Mildred Hayes, Martin McDonagh, Sam Rockwell, Dixon, Friedrich von Flotow","Gross worldwide$162,729,321","Sam Rockwell, Woody Harrelson, Frances McDormand"
172. The Bridge on the River Kwai,1957,8.1 (240K),"Jungle Adventure, War Epic, Adventure, Drama, War","William Holden, Michael Wilson, Alec Guinness, Colonel Nicholson, Pierre Boulle, Geoffrey Horne, David Lean, Jack Hawkins, Malcolm Arnold, John Scott, Carl Foreman, Kenneth Alford","Gross worldwide$27,201,366","Jack Hawkins, William Holden, Alec Guinness"
173. Trainspotting,1996,8.1 (746K),"Dark Comedy, Psychological Drama, Drama","John Hodge, Ewen Bremner, David Bowie, Ewan McGregor, Iggy Pop, Danny Boyle, Jonny Lee Miller, Irvine Welsh, Mark ""Rent-boy"" Renton","Gross worldwide$16,981,823","Ewan McGregor, Ewen Bremner, Jonny Lee Miller"
174. Raging Bull,1980,8.1 (393K),"Boxing, Docudrama, Period Drama, Biography, Drama, Sport","Orchestra del Teatro Comunale di Bologna, Jake La Motta, Jake LaMotta, Robert De Niro, Peter Savage, Martin Scorsese, Arturo Basile, Vicki LaMotta, Cathy Moriarty, Pietro Mascagni, Joseph Carter, Joe Pesci","Gross worldwide$23,405,883","Robert De Niro, Cathy Moriarty, Joe Pesci"
175. Catch Me If You Can,2002,8.1 (1.2M),"Caper, Coming-of-Age, Docudrama, Globetrotting Adventure, Period Drama, True Crime, Biography, Crime, Drama","Fiorello LaGuardia, Steven Spielberg, Frank Abagnale Sr., Paul Alter, Tom Hanks, Jeff Nathanson, Robert Israel, Stan Redding, Leonardo DiCaprio, Christopher Walken, Frank Abagnale Jr.","Gross worldwide$352,114,312","Leonardo DiCaprio, Tom Hanks, Christopher Walken"
176. Fargo,1996,8.1 (751K),"Cop Drama, Dark Comedy, Police Procedural, Tragedy, Crime, Drama, Thriller","Hal David, William H. Macy, Burt Bacharach, Steve Buscemi, Frances McDormand, Marge Gunderson, Joel Coen, Ethan Coen","Gross worldwide$60,611,975","William H. Macy, Steve Buscemi, Frances McDormand"
177. Warrior,2011,8.1 (512K),"Boxing, Action, Drama, Sport","Gavin O'Connor, Brendan Conlon, Tom Conlon, Tom Hardy, Nick Nolte, Anthony Tambakis, Aaron Dessner, Referee Josh Rosenthal, Matt Berninger, The National, Cliff Dorfman, Joel Edgerton","Gross worldwide$23,308,615","Nick Nolte, Tom Hardy, Joel Edgerton"
178. Harry Potter and the Deathly Hallows: Part 2,2011,8.1 (990K),"Dark Fantasy, Fantasy Epic, Teen Adventure, Teen Fantasy, Adventure, Family, Fantasy, Mystery","Emma Watson, Daniel Radcliffe, David Yates, Molly Weasley, Rupert Grint, Ralph Fiennes, Steve Kloves, J.K. Rowling","Gross worldwide$1,342,499,744","Emma Watson, Daniel Radcliffe, Rupert Grint"
179. Gran Torino,2008,8.1 (835K),Drama,"Christopher Carley, Nick Schenk, Clint Eastwood, Walt Kowalski, Kyle Eastwood, Bee Vang, Michael Stevens, Dave Johannson, Jamie Cullum, Duke","Gross worldwide$269,958,228","Clint Eastwood, Christopher Carley, Bee Vang"
180. Million Dollar Baby,2004,8.1 (743K),"Boxing, Tragedy, Drama, Sport","Frankie Dunn, Clint Eastwood, Paul Haggis, Morgan Freeman, Hilary Swank, Lucia Rijker, F.X. Toole, Eddie Scrap-Iron Dupris","Gross worldwide$216,763,646","Clint Eastwood, Morgan Freeman, Hilary Swank"
181. My Neighbour Totoro,1988,8.1 (403K),"Anime, Hand-Drawn Animation, Iyashikei, Animation, Comedy, Family, Fantasy","Hayao Miyazaki, Chika Sakamoto, Hitoshi Takagi, Noriko Hidaka, Joe Hisaishi, Tatsuo Kusakabe","Gross worldwide$30,370,646","Hitoshi Takagi, Noriko Hidaka, Chika Sakamoto"
182. Spider-Man: No Way Home,2021,8.2 (939K),"Superhero, Supernatural Fantasy, Urban Adventure, Action, Adventure, Fantasy, Sci-Fi","David Byrne, Matt Murdock, Benedict Cumberbatch, Jon Watts, Erik Sommers, Peter Parker, Tom Holland, Brian Eno, Stan Lee, Chris McKenna, Zendaya, Talking Heads","Gross worldwide$1,952,732,181","Benedict Cumberbatch, Zendaya, Tom Holland"
183. Mad Max: Fury Road,2015,8.1 (1.2M),"Action Epic, Adventure Epic, Car Action, Desert Adventure, Dystopian Sci-Fi, Epic, Quest, Road Trip, Action, Adventure","Nux, Eleni Karaindrou, Tom Hardy, George Miller, Nicholas Hoult, Iota, Nick Lathouris, Charlize Theron, Brendan McCarthy","Gross worldwide$380,437,267","Nicholas Hoult, Tom Hardy, Charlize Theron"
184. Ben-Hur,1959,8.1 (261K),"Adventure Epic, Epic, Period Drama, Sword & Sandal, Adventure, Drama","Charlton Heston, Stephen Boyd, Gore Vidal, Yakima Canutt, William Wyler, Joe Canutt, Lew Wallace, Miklós Rózsa, Jack Hawkins, Karl Tunberg, Sextus","Gross worldwide$74,439,376","Charlton Heston, Stephen Boyd, Jack Hawkins"
185. Children of Heaven,1997,8.2 (85K),"Drama, Family, Sport","Zahra, Ali, Bahare Seddiqi, Amir Farrokh Hashemian, Reza Naji, Majid Majidi","Gross worldwide$933,933","Bahare Seddiqi, Amir Farrokh Hashemian, Reza Naji"
186. Barry Lyndon,1975,8.1 (192K),"Costume Drama, Dark Comedy, Epic, Period Drama, Adventure, Drama, War","Ralph Holmes, Marisa Berenson, Patrick Magee, Ryan O'Neal, Stanley Kubrick, Moray Welsh, Franz Schubert, Anthony Goldstone, William Makepeace Thackeray","Gross worldwide$280,093","Patrick Magee, Marisa Berenson, Ryan O'Neal"
187. 12 Years a Slave,2013,8.1 (761K),"Costume Drama, Docudrama, Epic, Period Drama, Tragedy, Biography, Drama, History","Jack Williamson, Solomon Northup, Chiwetel Ejiofor, David Hughey, Michael Kenneth Williams, Michael Fassbender, Roosevelt Credit, John Ridley, Nicholas Britell, Steve McQueen","Gross worldwide$187,734,091","Chiwetel Ejiofor, Michael Kenneth Williams, Michael Fassbender"
188. Before Sunrise,1995,8.1 (356K),"Drama, Romance","Kim Krizan, Celine, Richard Linklater, Ethan Hawke, Henry Purcell, Andrea Eckert, Julie Delpy","Gross worldwide$6,568,101","Andrea Eckert, Ethan Hawke, Julie Delpy"
189. Dead Poets Society,1989,8.1 (585K),"Coming-of-Age, Teen Drama, Comedy, Drama","McAllister, George Frideric Handel, Stuttgarter Kammerorchester, John Keating, Karl Münchinger, Ethan Hawke, Tom Schulman, Robin Williams, Peter Weir, Robert Sean Leonard","Gross worldwide$235,860,116","Robin Williams, Ethan Hawke, Robert Sean Leonard"
190. Blade Runner,1982,8.1 (850K),"Artificial Intelligence, Cyber Thriller, Cyberpunk, Dystopian Sci-Fi, Action, Drama, Sci-Fi, Thriller","Harrison Ford, David Webb Peoples, Hampton Fancher, Rutger Hauer, Sean Young, Daryl Hannah, Philip K. Dick, Gail Laughton, Batty, Ridley Scott","Gross worldwide$41,759,489","Sean Young, Harrison Ford, Rutger Hauer"
191. The Grand Budapest Hotel,2014,8.1 (921K),"Caper, Quirky Comedy, Adventure, Comedy, Crime","Tony Revolori, Wes Anderson, Hugo Guinness, F. Murray Abraham, Stefan Zweig, Harvey Keitel, M. Gustave, Mathieu Amalric, Ralph Fiennes","Gross worldwide$174,567,384","Ralph Fiennes, F. Murray Abraham, Mathieu Amalric"
192. Hacksaw Ridge,2016,8.1 (631K),"Docudrama, Epic, Period Drama, War Epic, Biography, Drama, History, War","Andrew Garfield, Howard Doane, Desmond T. Doss, Sam Worthington, Fanny Crosby, Andrew Knight, Desmond Doss, Robert Schenkkan, Mel Gibson, Luke Bracey","Gross worldwide$180,563,636","Andrew Garfield, Luke Bracey, Sam Worthington"
193. Gone Girl,2014,8.1 (1.1M),"Erotic Thriller, Psychological Drama, Psychological Thriller, Suspense Mystery, Tragedy, Whodunnit, Drama, Mystery, Thriller","Neil Patrick Harris, Gillian Flynn, Rosamund Pike, David Fincher, The Fixx, Cy Curnin, Ben Affleck, Nick Dunne","Gross worldwide$370,890,259","Ben Affleck, Neil Patrick Harris, Rosamund Pike"
194. Memories of Murder,2003,8.1 (237K),"Dark Comedy, Korean Drama, Police Procedural, Serial Killer, True Crime, Crime, Drama, Mystery, Thriller","Bong Joon Ho, Song Kang-ho, Sung-bo Shim, Kwang-rim Kim, Kim Roe-ha, Kim Sang-kyung, Detective Park Doo-Man","Gross worldwide$1,210,156","Song Kang-ho, Kim Sang-kyung, Kim Roe-ha"
195. In the Name of the Father,1993,8.1 (195K),"Docudrama, Legal Drama, Period Drama, Prison Drama, Tragedy, True Crime, Biography, Crime, Drama","Daniel Day-Lewis, Gavin Friday, Terry George, Gerry Conlon, Jim Sheridan, Maurice Seezer, Alison Crosbie, Bono, Pete Postlethwaite","Gross worldwide$65,796,862","Daniel Day-Lewis, Pete Postlethwaite, Alison Crosbie"
"196. Monsters, Inc.",2001,8.1 (1M),"Buddy Comedy, Computer Animation, Satire, Slapstick, Supernatural Fantasy, Urban Adventure, Adventure, Animation, Comedy, Family","Frank Wolf, Jeff Pidgeon, Mary Gibbs, Chris Montan, Lee Unkrich, John Goodman, Jill Culton, Sulley, Boo, Billy Crystal, Pete Docter, David Silverman, Randy Newman","Gross worldwide$579,770,299","Mary Gibbs, Billy Crystal, John Goodman"
197. Ratatouille,2007,8.1 (876K),"Animal Adventure, Computer Animation, Satire, Adventure, Animation, Comedy, Family, Fantasy","Brad Garrett, Dan Wallin, Boualem Lamhene, Michael Giacchino, Patton Oswalt, Brad Bird, Jim Capobianco, Gusteau, Jan Pinkava, Camille, Lou Romano","Gross worldwide$623,729,380","Lou Romano, Brad Garrett, Patton Oswalt"
198. The Gold Rush,1925,8.1 (123K),"Farce, Feel-Good Romance, Romantic Comedy, Slapstick, Adventure, Comedy, Drama, Romance, Western","Georgia, Mack Swain, Charles Chaplin, Tom Murray","Gross worldwide$31,490","Mack Swain, Charles Chaplin, Tom Murray"
199. Wild Tales,2014,8.1 (227K),"Dark Comedy, Comedy, Drama, Thriller","Mauricio, Mónica Villa, Giorgio Moroder, Helen St. John, Damián Szifron, Darío Grandinetti, Julian Loyola, María Marull, Germán Servidio","Gross worldwide$31,478,893","María Marull, Mónica Villa, Darío Grandinetti"
200. How to Train Your Dragon,2010,8.1 (837K),"Computer Animation, Sword & Sorcery, Teen Fantasy, Action, Adventure, Animation, Family, Fantasy","Alex Somers, Dean DeBlois, William Davies, Jay Baruchel, Chris Sanders, Hiccup, Jon Thor Birgisson, Gerard Butler, Christopher Mintz-Plasse","Gross worldwide$494,879,860","Jay Baruchel, Gerard Butler, Christopher Mintz-Plasse"
201. Sherlock Jr.,1924,8.2 (61K),"Bumbling Detective, Farce, Feel-Good Romance, Slapstick, Action, Comedy, Romance","Kathryn McGuire, Joseph A. Mitchell, Jean C. Havez, Clyde Bruckman, Projectionist, Joe Keaton, Buster Keaton, Vince Giordano and The Nighthawks",Gross worldwide$399,"Joe Keaton, Buster Keaton, Kathryn McGuire"
202. Jaws,1975,8.1 (690K),"Monster Horror, Sea Adventure, Survival, Adventure, Drama, Horror, Thriller","Steven Spielberg, Peter Benchley, Robert Shaw, Brody, Carl Gottlieb, Lee Fierro, Roy Scheider, Jeffrey Voorhees, Richard Dreyfuss, Mike Haydn","Gross worldwide$477,916,625","Robert Shaw, Richard Dreyfuss, Roy Scheider"
203. Mary and Max,2009,8.1 (195K),"Adult Animation, Coming-of-Age, Dark Comedy, Stop Motion Animation, Animation, Comedy, Drama","Max Jerry Horovitz, Simon Jeffes, Penguin Cafe Orchestra, Adam Elliot, Philip Seymour Hoffman, Eric Bana, Toni Collette","Gross worldwide$1,740,791","Philip Seymour Hoffman, Toni Collette, Eric Bana"
204. The Deer Hunter,1978,8.1 (374K),"Epic, War Epic, Drama, War","Bob Gaudio, Robert De Niro, Deric Washburn, Louis Garfinkle, Michael Cimino, Frankie Valli, John Cazale, Michael, Christopher Walken, Bob Crewe","Gross worldwide$49,080,126","John Cazale, Robert De Niro, Christopher Walken"
205. The General,1926,8.1 (102K),"Farce, Slapstick, Action, Adventure, Comedy, Drama, War","Glen Cavender, The Alloy Orchestra, Marion Mack, William P. Perry, Johnnie Gray, Clyde Bruckman, Buster Keaton, Al Boasberg","Gross worldwide$1,344","Glen Cavender, Buster Keaton, Marion Mack"
206. Le Mans '66,2019,8.1 (516K),"Docudrama, Motorsport, Period Drama, Action, Biography, Drama, Sport","Matt Damon, The Paladins, James Mangold, John-Henry Butterworth, Carroll Shelby, Jason Keller, Jon Bernthal, Jez Butterworth, Christian Bale, Robert Nagle","Gross worldwide$226,299,480","Matt Damon, Christian Bale, Jon Bernthal"
207. The Wages of Fear,1953,8.1 (70K),"Psychological Drama, Survival, Adventure, Drama, Thriller","Georges Arnaud, Mario, Charles Vanel, Yves Montand, Johann Strauss, Henri-Georges Clouzot, Peter van Eyck, Jérôme Géronimi","Gross worldwide$22,326","Charles Vanel, Yves Montand, Peter van Eyck"
208. On the Waterfront,1954,8.1 (171K),"Legal Drama, Crime, Drama, Thriller","Elia Kazan, Marlon Brando, Karl Malden, Malcolm Johnson, Richard Wagner, Robert Siodmak, Lee J. Cobb, Richard Schickel, Charley Malloy, Paul Newman, Terry Malloy, Budd Schulberg","Gross worldwide$3,768","Lee J. Cobb, Marlon Brando, Karl Malden"
209. Mr. Smith Goes to Washington,1939,8.1 (125K),"Political Drama, Comedy, Drama","Frank Capra, Jefferson Smith, Jean Arthur, David T. Shaw, Myles Connolly, James Stewart, Lewis R. Foster, Sidney Buchman, Claude Rains","Gross worldwide$146,123","Jean Arthur, Claude Rains, James Stewart"
210. Wild Strawberries,1957,8.1 (120K),"Psychological Drama, Drama, Romance","Ingrid Thulin, Marianne Borg, Bibi Andersson, Victor Sjöström, Dr. Evald Borg, Ingmar Bergman","Gross worldwide$81,070","Ingrid Thulin, Victor Sjöström, Bibi Andersson"
211. Logan,2017,8.1 (883K),"Dystopian Sci-Fi, Road Trip, Superhero, Action, Drama, Sci-Fi, Thriller","Michael Green, James Mangold, Logan, Scott Frank, Hugh Jackman, Patrick Stewart, Dafne Keen","Gross worldwide$619,180,476","Hugh Jackman, Dafne Keen, Patrick Stewart"
212. The Third Man,1949,8.1 (189K),"Film Noir, Hard-boiled Detective, Whodunnit, Drama, Mystery, Thriller","Alexander Korda, Orson Welles, Alida Valli, Joseph Cotten, Harry Lime, Anton Karas, Graham Greene, Carol Reed","Gross worldwide$1,406,393","Alida Valli, Orson Welles, Joseph Cotten"
213. Rocky,1976,8.1 (655K),"Boxing, Drama, Sport","Rocky, Frank Stallone, James Crabe, Sylvester Stallone, Valentine, Robert Redford, Irwin Winkler, Nick Nolte, Ryan O'Neal, John G. Avildsen, Burt Young, James Caan, Burt Reynolds, Adrian, Robert Chartoff, Talia Shire","Gross worldwide$117,253,345","Talia Shire, Burt Young, Sylvester Stallone"
214. Maharaja,2024,8.4 (65K),"One-Person Army Action, Action, Crime, Drama, Thriller","Mamta Mohandas, Nithilan Saminathan, Vijay Sethupathi, Anurag Kashyap","Gross worldwide$975,543","Mamta Mohandas, Vijay Sethupathi, Anurag Kashyap"
215. Tokyo Story,1953,8.1 (73K),"Psychological Drama, Drama","Kôgo Noda, Chishû Ryû, Noriko, Sô Yamamura, Yasujirô Ozu, Kyoko, Chieko Higashiyama","Gross worldwide$92,310","Chishû Ryû, Chieko Higashiyama, Sô Yamamura"
216. The Big Lebowski,1998,8.1 (886K),"Buddy Comedy, Drug Crime, Satire, Stoner Comedy, Comedy, Crime","Walter Sobchak, Bob Nolan, Julianne Moore, John Goodman, Sons of the Pioneers, Jeff Bridges, Joel Coen, Ethan Coen","Gross worldwide$48,261,691","Julianne Moore, John Goodman, Jeff Bridges"
217. Spotlight,2015,8.1 (516K),"Docudrama, Legal Drama, Period Drama, True Crime, Workplace Drama, Biography, Crime, Drama","Michael Rezendes, Michael Keaton, Mark Ruffalo, Tom McCarthy, Sacha Pfeiffer, Walter Robinson, Marty Baron, Josh Singer, Dick Walter, Rachel McAdams","Gross worldwide$98,690,254","Rachel McAdams, Michael Keaton, Mark Ruffalo"
218. The Seventh Seal,1957,8.1 (207K),"Psychological Drama, Drama, Fantasy","Max von Sydow, Bengt Ekerot, Gunnar Björnstrand, Erik Nordgren, Antonius Block, Ingmar Bergman","Gross worldwide$311,212","Gunnar Björnstrand, Max von Sydow, Bengt Ekerot"
219. The Terminator,1984,8.1 (958K),"Artificial Intelligence, Cyberpunk, Dystopian Sci-Fi, Time Travel, Urban Adventure, Action, Adventure, Sci-Fi","The Terminator, Linda Hamilton, James Cameron, Gale Anne Hurd, Desk Sergeant, William Wisher, Ricky Phillips, Arnold Schwarzenegger, Michael Biehn","Gross worldwide$78,371,200","Arnold Schwarzenegger, Michael Biehn, Linda Hamilton"
220. Room,2015,8.1 (466K),"Psychological Drama, Drama, Thriller","Jack, Jacob Tremblay, Brie Larson, Daniel Rojas, Lenny Abrahamson, Sean Bridgers, Emma Donoghue, Klaus Badelt, Andrew Raiher","Gross worldwide$35,402,766","Jacob Tremblay, Sean Bridgers, Brie Larson"
221. Pirates of the Caribbean: The Curse of the Black Pearl,2003,8.1 (1.3M),"Sea Adventure, Supernatural Fantasy, Swashbuckler, Sword & Sandal, Action, Adventure, Fantasy","Johnny Depp, Lucinda Dryzek, Orlando Bloom, George Bruns, Geoffrey Rush, Stuart Beattie, Xavier Atencio, Keira Knightley, Gore Verbinski, Terry Rossio, Ted Elliott, Will Turner, Jack Sparrow","Gross worldwide$654,264,546","Johnny Depp, Orlando Bloom, Geoffrey Rush"
222. La haine,1995,8.1 (209K),"Gangster, Psychological Drama, Crime, Drama","Hubert, Hubert Koundé, Saïd Taghmaoui, Bob Marley, Mathieu Kassovitz, Vincent Cassel","Gross worldwide$759,234","Hubert Koundé, Vincent Cassel, Saïd Taghmaoui"
223. Jai Bhim,2021,8.7 (224K),"Legal Drama, Crime, Drama","Suriya, T.J. Gnanavel, Manikandan K., Rajendra Sapre, Lijo Mol Jose, Chandru",Unknown,"Suriya, Manikandan K., Lijo Mol Jose"
224. Hotel Rwanda,2004,8.1 (382K),"Docudrama, Epic, Biography, Drama, History, War","Jack, Terry George, Don Cheadle, Attie Van Wyk, Chicco Twala, Yvonne Chaka Chaka, Sophie Okonedo, Paul Rusesabagina, Keir Pearson, Joaquin Phoenix","Gross worldwide$33,882,243","Joaquin Phoenix, Sophie Okonedo, Don Cheadle"
225. Platoon,1986,8.1 (453K),"Drama, War","Samuel Barber, Georges Delerue, Oliver Stone, Willem Dafoe, Chris Taylor, Tom Berenger, Charlie Sheen","Gross worldwide$138,545,632","Charlie Sheen, Willem Dafoe, Tom Berenger"
226. Before Sunset,2004,8.1 (300K),"Drama, Romance","Celine, Richard Linklater, Ethan Hawke, Vernon Dobtcheff, Julie Delpy","Gross worldwide$16,506,532","Vernon Dobtcheff, Ethan Hawke, Julie Delpy"
227. The Best Years of Our Lives,1946,8.1 (74K),"Epic, Feel-Good Romance, Drama, Romance, War","Milly Stephenson, Harold Russell, Fredric March, Dana Andrews, Myrna Loy, William Wyler, Lawrence Wright, MacKinlay Kantor, Hoagy Carmichael, Edgar Leslie, Ray Teal, Robert E. Sherwood","Gross worldwide$23,667,133","Fredric March, Dana Andrews, Myrna Loy"
228. The Exorcist,1973,8.1 (474K),"Body Horror, Supernatural Horror, Horror","Max von Sydow, Father Karras, Mercedes McCambridge, Demon, Linda Blair, Krzysztof Penderecki, William Peter Blatty, Ellen Burstyn, Jason Miller, William Friedkin","Gross worldwide$430,872,776","Ellen Burstyn, Max von Sydow, Linda Blair"
229. The Passion of Joan of Arc,1928,8.1 (64K),"Legal Drama, Period Drama, Psychological Drama, Tragedy, Biography, Drama, History","André Berley, Joseph Delteil, Maria Falconetti, Richard Einhorn, Eugene Silvain, Carl Theodor Dreyer, Jeanne d'Arc","Gross worldwide$22,731","André Berley, Eugene Silvain, Maria Falconetti"
230. The Wizard of Oz,1939,8.1 (448K),"Adventure Epic, Classic Musical, Fairy Tale, Fantasy Epic, Quest, Adventure, Family, Fantasy, Musical","John Fricke, Frank Morgan, Victor Fleming, Noel Langley, Dorothy, Harold Arlen, Ray Bolger, Florence Ryerson, Margaret Hamilton, King Vidor, E.Y. Harburg, Judy Garland, The Scarecrow, Edgar Allan Woolf","Gross worldwide$25,637,669","Frank Morgan, Ray Bolger, Judy Garland"
231. The Incredibles,2004,8.0 (848K),"Computer Animation, Superhero, Urban Adventure, Action, Adventure, Animation, Family","Samuel L. Jackson, Jason Lee, Brad Bird, Holly Hunter, Craig T. Nelson, Honey, Lucius","Gross worldwide$631,688,498","Craig T. Nelson, Samuel L. Jackson, Holly Hunter"
232. The Sound of Music,1965,8.1 (274K),"Classic Musical, Epic, Period Drama, Biography, Drama, Family, Musical, Romance","Julie Andrews, Robert Wise, Eleanor Parker, Howard Lindsay, Maria, Georg Hurdalek, Christopher Plummer, Russel Crouse, Richard Rodgers","Gross worldwide$159,484,051","Julie Andrews, Eleanor Parker, Christopher Plummer"
233. Rush,2013,8.1 (531K),"Docudrama, Motorsport, Period Drama, Biography, Drama, Sport","Ron Howard, Daniel Brühl, David Bartholomew, Earl King, Niki Lauda, Dave Edmunds, Peter Morgan, Olivia Wilde, Chris Hemsworth","Gross worldwide$96,992,516","Daniel Brühl, Olivia Wilde, Chris Hemsworth"
234. Hachi: A Dog's Tale,2009,8.1 (325K),"Animal Adventure, Biography, Drama, Family","Ken, Kaneto Shindô, Richard Gere, Stephen P. Lindsey, Joan Allen, Lasse Hallström, Cary-Hiroyuki Tagawa","Gross worldwide$46,749,646","Richard Gere, Cary-Hiroyuki Tagawa, Joan Allen"
235. Stand by Me,1986,8.1 (461K),"Coming-of-Age, Dark Comedy, Quest, Adventure, Comedy, Drama","Jerry Leiber, Wil Wheaton, Rob Reiner, The Writer, Stephen King, Mike Stoller, Corey Feldman, Ben E. King, Raynold Gideon, Bruce A. Evans, River Phoenix","Gross worldwide$53,525,035","Wil Wheaton, River Phoenix, Corey Feldman"
236. Demon Slayer: Kimetsu no Yaiba - Tsuzumi Mansion Arc,2021,8.5 (31K),"Anime, Action, Animation, Fantasy","Haruo Sotozaki, Koyoharu Gotouge","Gross worldwide$67,358",Unknown
237. Network,1976,8.1 (178K),"Dark Comedy, Workplace Drama, Drama","William Holden, Paddy Chayefsky, Peter Finch, Sidney Lumet, Faye Dunaway, Howard Beale","Gross worldwide$23,701,317","Peter Finch, William Holden, Faye Dunaway"
238. My Father and My Son,2005,8.2 (97K),"Drama, Family","Evanthia Reboutsika, Deniz, Çetin Tekindor, Fikret Kuskan, Cihan Okan, Hümeyra, Çagan Irmak","Gross worldwide$18,612,999","Çetin Tekindor, Hümeyra, Fikret Kuskan"
239. The Handmaiden,2016,8.1 (186K),"Dark Romance, Erotic Thriller, Psychological Thriller, Steamy Romance, Drama, Romance, Thriller","Lady Hideko, Park Chan-wook, Kim Min-hee, Chung Seo-kyung, Kim Tae-ri, Ha Jung-woo, Sarah Waters, Cho Jin-woong","Gross worldwide$37,863,670","Cho Jin-woong, Ha Jung-woo, Kim Min-hee"
240. The Iron Giant,1999,8.1 (242K),"Alien Invasion, Artificial Intelligence, Hand-Drawn Animation, High-Concept Comedy, Kaiju, Space Sci-Fi, Action, Adventure, Animation, Comedy","Ted Hughes, Jimmie Rodgers, Jennifer Aniston, Eli Marienthal, The Iron Giant, Harry Connick Jr., Hogarth Hughes, Brad Bird, Tim McCanlies, Bob Merrill","Gross worldwide$23,338,352","Jennifer Aniston, Eli Marienthal, Harry Connick Jr."
241. To Be or Not to Be,1942,8.1 (46K),"Screwball Comedy, Comedy, Romance, War","Edwin Justus Mayer, Frédéric Chopin, Aleksandr Glazunov, Robert Stack, Joseph Tura, Carole Lombard, Ernst Lubitsch, Kazimierz Rudzki, Colonel Ehrhardt, Jack Benny, Melchior Lengyel","Gross worldwide$4,578,000","Robert Stack, Carole Lombard, Jack Benny"
242. The Battle of Algiers,1966,8.1 (70K),"Docudrama, Political Drama, Drama, War","Gillo Pontecorvo, Franco Moruzzi, Yacef Saadi, Jean Martin, Tommaso Neri, Franco Solinas, Johann Sebastian Bach, Brahim Hadjadj, Samia Kerbash","Gross worldwide$962,002","Brahim Hadjadj, Yacef Saadi, Jean Martin"
243. Into the Wild,2007,8.1 (676K),"Coming-of-Age, Docudrama, Road Trip, Survival, Tragedy, Adventure, Biography, Drama","Jon Krakauer, Vince Vaughn, Catherine Keener, Jim Gallien, Eddie Vedder, Sean Penn, Christopher McCandless, Emile Hirsch","Gross worldwide$56,676,733","Catherine Keener, Emile Hirsch, Vince Vaughn"
244. The Grapes of Wrath,1940,8.1 (104K),Drama,"John Ford, Jane Darwell, Nunnally Johnson, Ma Joad, Tom Joad, Darryl F. Zanuck, John Carradine, John Steinbeck, Henry Fonda","Gross worldwide$7,304","Jane Darwell, John Carradine, Henry Fonda"
245. Groundhog Day,1993,8.0 (712K),"Feel-Good Romance, High-Concept Comedy, Holiday Comedy, Holiday Romance, Romantic Comedy, Comedy, Drama, Fantasy, Romance","Delbert McClinton, Andie MacDowell, Bill Murray, Harold Ramis, Phil, Danny Rubin, Chris Elliott, George Fenton","Gross worldwide$71,108,778","Bill Murray, Andie MacDowell, Chris Elliott"
246. A Silent Voice,2016,8.1 (117K),"Anime, Coming-of-Age, Psychological Drama, Shōnen, Slice of Life, Animation, Drama","Aoi Yûki, Miyoko Sahara, Naoko Yamada, Miyu Irino, Lexi Marman, Yoshitoki Ôima, The Who, Saori Hayami, Pete Townshend, Reiko Yoshida, Shoko Nishimiya","Gross worldwide$30,819,442","Aoi Yûki, Miyu Irino, Saori Hayami"
247. The Help,2011,8.1 (510K),"Period Drama, Drama","Jerry Leiber, Emma Stone, Hilly Holbrook, Minny Jackson, June Carter Cash, Tate Taylor, Octavia Spencer, Kathryn Stockett, Billy Edd Wheeler, Johnny Cash, Viola Davis","Gross worldwide$221,802,186","Emma Stone, Octavia Spencer, Viola Davis"
248. Amores perros,2000,8.0 (261K),"Tragedy, Drama, Thriller","Emilio Echevarría, Alejandro G. Iñárritu, El Chivo, Goya Toledo, Control Machete, Guillermo Arriaga, Gael García Bernal","Gross worldwide$20,908,467","Emilio Echevarría, Goya Toledo, Gael García Bernal"
249. Rebecca,1940,8.1 (153K),"Dark Romance, Psychological Drama, Psychological Thriller, Suspense Mystery, Drama, Mystery, Romance, Thriller","J.L. Molloy, Mrs. Danvers, Joan Fontaine, Judith Anderson, The Second Mrs. de Winter, Joan Harrison, Daphne Du Maurier, Alfred Hitchcock, Laurence Olivier, George Sanders, Robert E. Sherwood","Gross worldwide$113,328","George Sanders, Joan Fontaine, Laurence Olivier"
250. Drishyam,2015,8.2 (100K),"Crime, Drama, Mystery, Thriller","Meera Deshmukh, Nishikant Kamat, Meghna Gulzar, Ajay Devgn, Upendra Sidhaye, Jeethu Joseph, Gulzar, Ash King, Shriya Saran, Vishal Bhardwaj, Tabu",Unknown,"Shriya Saran, Ajay Devgn, Tabu"
