title,year,rating,genre,directors,revenue,lead_actors,votes
1. The Shawshank Redemption,1994,9.3,"Epic, Period Drama, Prison Drama, Drama","Jack Lawrence, Frank Darabont, Bob Gunton, Hank Williams, Andy Dufresne, Stephen King, The Ink Spots, Morgan Freeman, Tim Robbins",29332133,"Bob Gunton, Tim Robbins, Morgan Freeman",3000000
2. The Godfather,1972,9.2,"Epic, Gangster, Tragedy, Crime, Drama","Marlon Brando, Kay Adams, Al Pacino, Francis Ford Coppola, James Caan, Carmine Coppola, Mario Puzo, Michael",250342198,"James Caan, Marlon Brando, Al Pacino",2100000
3. The Dark Knight,2008,9.0,"Action Epic, Epic, Superhero, Tragedy, Action, Crime, Drama, Thriller","Aaron Eckhart, Christopher Nolan, Jack Nicholson, The Pipes and Drums of the Chicago Police Department, Michael Caine, Heath Ledger, The Joker, The Chechen, Jonathan Nolan, David S. Goyer, Christian Bale, Salvatore Maroni",1009057329,"Aaron Eckhart, Heath Ledger, Christian Bale",3000000
4. The Godfather Part II,1974,9.0,"Epic, Gangster, Tragedy, Crime, Drama","Al Pacino, Robert Duvall, Robert De Niro, Francis Ford Coppola, Michael Corleone, Francesco Pennino, Livio Giorgi, Mario Puzo",47964222,"Robert Duvall, Robert De Niro, Al Pacino",1400000
5. 12 Angry Men,1957,9.0,"Legal Drama, Psychological Drama, Crime, Drama","Martin Balsam, E.G. Marshall, Juror #10, Lee J. Cobb, Sidney Lumet, Juror #11, Reginald Rose, Jack Warden, Marvin Hatley, Juror #8, Henry Fonda",2945,"Lee J. Cobb, Martin Balsam, Henry Fonda",917000
6. The Lord of the Rings: The Return of the King,2003,9.0,"Action Epic, Adventure Epic, Epic, Fantasy Epic, Mountain Adventure, Quest, Sword & Sorcery, Tragedy, Adventure, Drama","John Rhys-Davies, Fran Walsh, J.R.R. Tolkien, Peter Jackson, Philippa Boyens, Howard Shore, Aragorn, Ian McKellen, Elijah Wood, Annie Lennox, Viggo Mortensen",1138267561,"Viggo Mortensen, Ian McKellen, Elijah Wood",2100000
7. Schindler's List,1993,9.0,"Docudrama, Epic, Historical Epic, Period Drama, Prison Drama, Tragedy, Biography, Drama, History","Steven Spielberg, Ben Kingsley, Mimi Thoma, Steven Zaillian, Oskar Schima, Amon Göth, Liam Neeson, Amon Goeth, Franz Xaver Kappus, Thomas Keneally, Mila Pfefferberg, Ralph Fiennes, Oskar Schindler",322161245,"Liam Neeson, Ralph Fiennes, Ben Kingsley",1500000
8. Pulp Fiction,1994,8.9,"Dark Comedy, Drug Crime, Gangster, Crime, Drama","Vincent, Quentin Tarantino, Samuel L. Jackson, Roger Avary, Fred Wise, Dick Dale & His Del-Tones, Mia, Bob Russell, Nicholas Roubanis, Milton Leeds, Uma Thurman, Bruce Willis, John Travolta",213928762,"Uma Thurman, Samuel L. Jackson, John Travolta",2300000
9. The Lord of the Rings: The Fellowship of the Ring,2001,8.9,"Action Epic, Adventure Epic, Epic, Fantasy Epic, Quest, Sword & Sorcery, Adventure, Drama, Fantasy","Janet Roddick, Fran Walsh, Orlando Bloom, Gandalf, David Long, Steve Roche, J.R.R. Tolkien, Peter Jackson, Frodo, David Donaldson, Philippa Boyens, Chris O'Connor, Ian McKellen, Elijah Wood, Christopher Lee",888171906,"Orlando Bloom, Ian McKellen, Elijah Wood",2100000
"10. The Good, the Bad and the Ugly",1966,8.8,"Adventure Epic, Dark Comedy, Desert Adventure, Epic, Period Drama, Quest, Spaghetti Western, Western Epic, Adventure, Western","Blondie, Lee Van Cleef, Clint Eastwood, Luciano Vincenzoni, Tommie Connor, Eli Wallach, Sergio Leone, Agenore Incrocci",25264999,"Eli Wallach, Lee Van Cleef, Clint Eastwood",847000
11. Forrest Gump,1994,8.8,"Epic, Drama, Romance","Robert Zemeckis, Gary Sinise, Irving Mills, Winston Groom, Tom Hanks, Hank Williams, Forrest Gump, Cliff Friend, Eric Roth, Young Man Running, Robin Wright",678226465,"Tom Hanks, Gary Sinise, Robin Wright",2400000
12. The Lord of the Rings: The Two Towers,2002,8.8,"Action Epic, Adventure Epic, Dark Fantasy, Epic, Fantasy Epic, Quest, Sword & Sorcery, Adventure, Drama, Fantasy","Sam, Fran Walsh, J.R.R. Tolkien, Peter Jackson, Frodo, Philippa Boyens, Howard Shore, Emiliana Torrini, Ian McKellen, Elijah Wood, Viggo Mortensen",938242927,"Viggo Mortensen, Ian McKellen, Elijah Wood",1900000
13. Fight Club,1999,8.8,"Psychological Drama, Workplace Drama, Drama","Brad Pitt, Tyler Durden, Chuck Palahniuk, Matt Winston, Holt McCallany, Edward Norton, David Fincher, Jim Uhls, Meat Loaf, Rolfe Kent",101321009,"Meat Loaf, Brad Pitt, Edward Norton",2400000
14. Inception,2010,8.8,"Action Epic, Adventure Epic, Epic, Psychological Thriller, Sci-Fi Epic, Action, Adventure, Sci-Fi, Thriller","Cobb, Christopher Nolan, Elliot Page, Michel Vaucaire, Hans Zimmer, Charles Dumont, Édith Piaf, Leonardo DiCaprio, Joseph Gordon-Levitt",839030630,"Leonardo DiCaprio, Elliot Page, Joseph Gordon-Levitt",2700000
15. Star Wars: Episode V - The Empire Strikes Back,1980,8.7,"Action Epic, Adventure Epic, Dark Fantasy, Epic, Fantasy Epic, Globetrotting Adventure, Quest, Sci-Fi Epic, Space Sci-Fi, Sword & Sorcery","Harrison Ford, Carrie Fisher, Yoda, Lawrence Kasdan, Leigh Brackett, Luke, George Lucas, Irvin Kershner, Mark Hamill",550016086,"Harrison Ford, Carrie Fisher, Mark Hamill",1400000
16. The Matrix,1999,8.7,"Action Epic, Artificial Intelligence, Cyberpunk, Dystopian Sci-Fi, Gun Fu, Martial Arts, Sci-Fi Epic, Action, Sci-Fi","Laurence Fishburne, Grant Marshall, Keanu Reeves, Carrie-Anne Moss, Lilly Wachowski, Andrew Vowles, Robert Del Naja, Lana Wachowski, Morpheus, Massive Attack",467841735,"Carrie-Anne Moss, Laurence Fishburne, Keanu Reeves",2100000
17. GoodFellas,1990,8.7,"Docudrama, Gangster, True Crime, Biography, Crime, Drama","Richard Adler, Nicholas Pileggi, Robert De Niro, Martin Scorsese, Henry Hill, Tony Bennett, Ray Liotta, Jerry Ross, Joe Pesci",47058317,"Robert De Niro, Ray Liotta, Joe Pesci",1300000
18. One Flew Over the Cuckoo's Nest,1975,8.7,"Medical Drama, Psychological Drama, Drama","Jack Nicholson, Ken Kesey, Erno Rapee, Louise Fletcher, Lew Pollack, Milos Forman, Lawrence Hauben, Michael Berryman, Brad Dourif, McMurphy, Bo Goldman",109115366,"Louise Fletcher, Jack Nicholson, Michael Berryman",1100000
19. Interstellar,2014,8.7,"Adventure Epic, Epic, Quest, Sci-Fi Epic, Space Sci-Fi, Time Travel, Adventure, Drama, Sci-Fi","Christopher Nolan, Anne Hathaway, Kip Thorne, Dylan Thomas, Cooper, Matthew McConaughey, Jessica Chastain, Jonathan Nolan",758464713,"Jessica Chastain, Matthew McConaughey, Anne Hathaway",2300000
20. Seven,1995,8.6,"Cop Drama, Hard-boiled Detective, Legal Drama, Police Procedural, Psychological Drama, Psychological Thriller, Serial Killer, Crime, Drama, Mystery","Brad Pitt, Trent Reznor, Andrew Kevin Walker, Nine Inch Nails, David Mills, Leland Orser, David Fincher, John Doe, Morgan Freeman, Kevin Spacey",328971354,"Brad Pitt, Kevin Spacey, Morgan Freeman",1900000
21. It's a Wonderful Life,1946,8.6,"Feel-Good Romance, Holiday Family, Holiday Romance, Psychological Drama, Supernatural Fantasy, Drama, Family, Fantasy, Holiday, Romance","Frank Capra, William Cool White, Gloria Grahame, Lionel Barrymore, Clarence, James Stewart, Frances Goodrich, Donna Reed, Albert Hackett",10635461,"Lionel Barrymore, Donna Reed, James Stewart",525000
22. Seven Samurai,1954,8.6,"Action Epic, Epic, Period Drama, Samurai, Action, Drama","Shinobu Hashimoto, Keiko Tsushima, Hideo Oguni, Sôjirô Motoki, Toshirô Mifune, Akira Kurosawa, Takashi Shimura, Kambei Shimada",1082130,"Takashi Shimura, Keiko Tsushima, Toshirô Mifune",382000
23. The Silence of the Lambs,1991,8.6,"Police Procedural, Psychological Drama, Psychological Horror, Psychological Thriller, Serial Killer, Slasher Horror, Crime, Drama, Horror, Thriller","Jonathan Demme, Scott Glenn, Ted Tally, Anthony Hopkins, Tom Petty, Tom Petty & The Heartbreakers, Jodie Foster, Hannibal Lecter, Thomas Harris",272742922,"Scott Glenn, Jodie Foster, Anthony Hopkins",1600000
24. Saving Private Ryan,1998,8.6,"Epic, Period Drama, War Epic, Drama, War","Matt Damon, Mellish, Tom Sizemore, Steven Spielberg, Tom Hanks, Robert Rodat, Edgar De Lange, Duke Ellington, Upham, Irving Mills",482352390,"Matt Damon, Tom Hanks, Tom Sizemore",1600000
25. City of God,2002,8.6,"Caper, Coming-of-Age, Gangster, Crime, Drama","Fernando Meirelles, Graziella Moretto, Carlos Cachaça, Alexandre Rodrigues, Cartola, Buscapé, Kátia Lund, Hermínio Bello de Carvalho, Paulo Lins, Matheus Nachtergaele, Bráulio Mantovani, Leandro Firmino",30681033,"Matheus Nachtergaele, Leandro Firmino, Alexandre Rodrigues",832000
26. The Green Mile,1999,8.6,"Period Drama, Prison Drama, Supernatural Fantasy, Tragedy, Crime, Drama, Fantasy, Mystery","Ronald Binge, Mantovani, Frank Darabont, Erno Rapee, Tom Hanks, Lew Pollack, Old Paul Edgecomb, Stephen King, David Morse, Michael Clarke Duncan",286801374,"Michael Clarke Duncan, David Morse, Tom Hanks",1500000
27. Life Is Beautiful,1997,8.6,"Period Drama, Romantic Comedy, Tragedy, Tragic Romance, Comedy, Drama, Romance, War","Guido, Nicoletta Braschi, Vincenzo Cerami, Giuseppe Gabetti, Giorgio Cantarini, Roberto Benigni, Bartolomeo",230099013,"Nicoletta Braschi, Giorgio Cantarini, Roberto Benigni",773000
28. Terminator 2: Judgment Day,1991,8.6,"Action Epic, Artificial Intelligence, Cyberpunk, Dystopian Sci-Fi, Sci-Fi Epic, Time Travel, Action, Adventure, Sci-Fi","The Terminator, Linda Hamilton, James Cameron, William Wisher, Izzy Stradlin, Axl Rose, Robert Patrick, Edward Furlong, Arnold Schwarzenegger, Guns N' Roses",517778573,"Edward Furlong, Arnold Schwarzenegger, Linda Hamilton",1200000
29. Star Wars: Episode IV - A New Hope,1977,8.6,"Action Epic, Adventure Epic, Epic, Fantasy Epic, Quest, Sci-Fi Epic, Space Sci-Fi, Sword & Sorcery, Action, Adventure","Harrison Ford, Carrie Fisher, Steven Spielberg, George Lucas, Han Solo, Mark Hamill",775398507,"Harrison Ford, Carrie Fisher, Mark Hamill",1500000
30. Back to the Future,1985,8.5,"High-Concept Comedy, Teen Adventure, Teen Comedy, Time Travel, Urban Adventure, Adventure, Comedy, Sci-Fi","Robert Zemeckis, Marty McFly, Lea Thompson, Michael J. Fox, Christopher Lloyd, Chris Hayes, Johnny Colla, Dr. Emmett Brown, Huey Lewis & The News, Bob Gale, Huey Lewis, Eric Stoltz",385053307,"Michael J. Fox, Christopher Lloyd, Lea Thompson",1400000
31. Spirited Away,2001,8.6,"Anime, Coming-of-Age, Fairy Tale, Hand-Drawn Animation, Quest, Supernatural Fantasy, Adventure, Animation, Family, Fantasy","Hayao Miyazaki, Miyu Irino, Suzanne Pleshette, Daveigh Chase, Zeniba, Joe Hisaishi",358862570,"Suzanne Pleshette, Daveigh Chase, Miyu Irino",900000
32. The Pianist,2002,8.5,"Docudrama, Epic, Period Drama, Tragedy, War Epic, Biography, Drama, Music, War","Frédéric Chopin, Ronald Harwood, Frank Finlay, Roman Polanski, Wladyslaw Szpilman, Thomas Kretschmann, Henryk Szpilman, Adrien Brody",120098945,"Thomas Kretschmann, Frank Finlay, Adrien Brody",961000
33. Gladiator,2000,8.5,"Action Epic, Adventure Epic, Epic, Period Drama, Sword & Sandal, Action, Adventure, Drama","Maximus, William Nicholson, Russell Crowe, Nathalie Van Ravenstein, Synaulia, John Logan, David Franzoni, Connie Nielsen, Joaquin Phoenix, Ridley Scott, Walter Maioli",465516248,"Russell Crowe, Joaquin Phoenix, Connie Nielsen",1700000
34. Parasite,2019,8.5,"Dark Comedy, Korean Drama, Psychological Thriller, Tragedy, Drama, Thriller","Bong Joon Ho, Song Kang-ho, George Frideric Handel, Ki-taek, Han Jin-won, Cho Yeo-jeong, Lee Sun-kyun",262608117,"Song Kang-ho, Cho Yeo-jeong, Lee Sun-kyun",1000000
35. Psycho,1960,8.5,"Dark Comedy, Psychological Horror, Psychological Thriller, Slasher Horror, Suspense Mystery, Horror, Mystery, Thriller","Norma Bates, Janet Leigh, Bernard Herrmann, Joseph Stefano, Vera Miles, Robert Bloch, Alfred Hitchcock, Anthony Perkins",32248065,"Janet Leigh, Anthony Perkins, Vera Miles",748000
36. The Lion King,1994,8.5,"Animal Adventure, Coming-of-Age, Hand-Drawn Animation, Jungle Adventure, Adventure, Animation, Drama, Family, Fantasy, Musical","Sam Vamplew, Bheki Ndlovu, Carmen Twillie, Ron Kunene, Susie Stevens-Logan, James Earl Jones, Thembi Mtshali, Nini Nkosi, Irene Mecchi, Elton John, Faca Khulu, Matoab'sane Jali, Vusi Mhlongo, Nonhlanhla Mkhize, Kipizane Skweyiya, Jeremy Irons, Philile Seme, Oren Waters, Rick Riso, Scar, Matthew Broderick, Rick Charles, Maxine Waters Willard, Wendy Fraser, Myrna Matthews, Lebo M., Linda Gcwensa, Rob Minkoff, Luyanda Jezile, Tim Rice, Yvonne Williams, Happy Skhakhane, Rodney Saulsberry, Lucky Cele, Sindisiwe Sokhela, Stella Khumalo, Skhumbuzo Kubheka, Terry Bradford, Zolile Zulu, James Langa, Maxi Anderson, Batho Mhlongo, Luther Waters, Bob Joyce, Julia Waters, Edie Lehmann Boddicker, Bobbi Page, John J West, Hans Zimmer, Frank Welker, Tsidi Manye, Abner A. Mariri, Sphiwe Khanyile, Faith Kekana, Rick Logan, Phindile, Linda Woolverton, Thembi Kubheka, Alfie Silas, Khanyo Maphumulo, Nandi Ndlovu, Gugwana Dlamini, Jonathan Roberts, Khuluiwe Sithole, Kevin Dorsey, Terry Young, Clydene Jackson, Bongani Ngcobo, Johnny Britt, Roger Allers, Thandazile, Baby Cele",979161373,"James Earl Jones, Jeremy Irons, Matthew Broderick",1200000
37. Grave of the Fireflies,1988,8.5,"Adult Animation, Anime, Hand-Drawn Animation, Period Drama, Animation, Drama, War","Akemi Yamaguchi, H.R. Bishop, Isao Takahata, Ayano Shiraishi, Seita, Amelita Galli-Curci, Akiyuki Nosaka, Tsutomu Tatsumi",839052,"Ayano Shiraishi, Akemi Yamaguchi, Tsutomu Tatsumi",343000
38. The Departed,2006,8.5,"Cop Drama, Epic, Gangster, Crime, Drama, Thriller","Matt Damon, The Rolling Stones, Jack Nicholson, Alan Mak, Martin Scorsese, Mick Jagger, Keith Richards, Police Camera Tech, William Monahan, Dignam, Leonardo DiCaprio, Felix Chong",291481358,"Matt Damon, Leonardo DiCaprio, Jack Nicholson",1500000
39. Whiplash,2014,8.5,"Psychological Drama, Drama, Music","J.K. Simmons, Melissa Benoist, Justin Hurwitz, Terence Fletcher, Miles Teller, Damien Chazelle",50360880,"J.K. Simmons, Melissa Benoist, Miles Teller",1100000
40. Harakiri,1962,8.6,"Period Drama, Drama, Mystery","Tatsuya Nakadai, Yasuhiko Takiguchi, Shinobu Hashimoto, Akira Ishihama, Masaki Kobayashi, Shima Iwashita, Hanshiro Tsugumo",15222,"Tatsuya Nakadai, Shima Iwashita, Akira Ishihama",78000
41. American History X,1998,8.5,"Prison Drama, Tragedy, Crime, Drama","Bob Sweeney, Tony Kaye, Julia Ward Howe, William Steffe, Tom Hanks, Edward Norton, Ethan Suplee, Beverly D'Angelo, David McKenna, Edward Furlong, Derek Vinyard",23875714,"Edward Furlong, Edward Norton, Beverly D'Angelo",1200000
42. The Prestige,2006,8.5,"Period Drama, Steampunk, Tragedy, Drama, Mystery, Sci-Fi, Thriller","Scarlett Johansson, Christopher Nolan, Cutter, Hugh Jackman, Christopher Priest, Keith Nichols, Jonathan Nolan, Christian Bale",109676311,"Hugh Jackman, Christian Bale, Scarlett Johansson",1500000
43. Leon,1994,8.5,"Gangster, One-Person Army Action, Action, Crime, Drama, Thriller","Dominic Miller, Léon, Mathilda, Gary Oldman, Sting, Jean Reno, Luc Besson, Natalie Portman",20278989,"Natalie Portman, Gary Oldman, Jean Reno",1300000
44. Spider-Man: Across the Spider-Verse,2023,8.5,"Computer Animation, Superhero, Supernatural Fantasy, Teen Adventure, Urban Adventure, Action, Adventure, Animation, Family, Fantasy","Metro Boomin, Johan Lenox, Kemp Powers, Spider-Man India, Preston Mutanga, Prince 85, Joaquim Dos Santos, Brian Tyree Henry, Coi Leray, Dave Callaham, Justin K. Thompson, Brittany Talia Hazzard, Miles Morales, Phil Lord, Shameik Moore, Hailee Steinfeld, Dre Moon, Christopher Miller",690824738,"Brian Tyree Henry, Shameik Moore, Hailee Steinfeld",442000
45. Casablanca,1942,8.5,"Drama, Romance, War","Philip G. Epstein, Captain Renault, Michael Curtiz, Paul Henreid, Max Steiner, Howard Koch, Ingrid Bergman, Julius J. Epstein, Humphrey Bogart, Rick, Claude Joseph Rouget de Lisle, Madeleine Lebeau",4727083,"Humphrey Bogart, Ingrid Bergman, Paul Henreid",628000
46. The Usual Suspects,1995,8.5,"Caper, Gangster, Heist, Psychological Drama, Psychological Thriller, Suspense Mystery, Whodunnit, Crime, Drama, Mystery","Jon Kull, Gabriel Byrne, Chazz Palminteri, Verbal, Bryan Singer, Kevin Spacey, Christopher McQuarrie, Claude Debussy",23341568,"Kevin Spacey, Chazz Palminteri, Gabriel Byrne",1200000
47. Untouchable,2011,8.5,"Docudrama, Comedy, Drama","Earth Wind & Fire, François Cluzet, Olivier Nakache, Philippe, Maurice White, Philippe Pozzo di Borgo, Omar Sy, Al McKay, Anne Le Ny, Allee Willis, Éric Toledano",426590315,"Anne Le Ny, Omar Sy, François Cluzet",971000
48. Cinema Paradiso,1988,8.5,"Coming-of-Age, Drama, Romance","Giuseppe Tornatore, Vanna Paoli, Alfredo, Salvatore, Enzo Cannavale, Antonella Attili, Ennio Morricone, Philippe Noiret",13020497,"Enzo Cannavale, Antonella Attili, Philippe Noiret",299000
49. Modern Times,1936,8.5,"Romantic Comedy, Satire, Slapstick, Comedy, Drama, Romance","A gamin, Charles Chaplin, Henry Bergman, Paulette Goddard, A factory worker",463618,"Paulette Goddard, Charles Chaplin, Henry Bergman",271000
50. Alien,1979,8.5,"Alien Invasion, Cyberpunk, Monster Horror, Space Sci-Fi, Horror, Sci-Fi","Sigourney Weaver, Howard Hanson, Dan O'Bannon, Ripley, Ronald Shusett, Tom Skerritt, Ridley Scott, John Hurt, Yaphet Kotto",108610231,"Sigourney Weaver, Tom Skerritt, John Hurt",1000000
51. Rear Window,1954,8.5,"Psychological Thriller, Suspense Mystery, Drama, Mystery, Thriller","L.B. Jefferies, Cornell Woolrich, Stella, Wendell Corey, Leonard Bernstein, Alfred Hitchcock, James Stewart, Grace Kelly, John Michael Hayes",37905475,"Grace Kelly, Wendell Corey, James Stewart",543000
52. Once Upon a Time in the West,1968,8.5,"Desert Adventure, Epic, Spaghetti Western, Western Epic, Drama, Western","Sergio Donati, Dario Argento, Charles Bronson, Claudia Cardinale, Sergio Leone, Snaky, Harmonica, Frederick Edward Weatherly, Simonetta Santaniello, Henry Fonda",5435312,"Claudia Cardinale, Charles Bronson, Henry Fonda",365000
53. Django Unchained,2012,8.5,"Dark Comedy, Epic, Period Drama, Western Epic, Western","Quentin Tarantino, Jamie Foxx, Rocky Roberts, Kerry Washington, Franco Migliacci, Christoph Waltz, Robert Mellin, Bruno Nicolai, Dr. King Schultz, Django, Luis Bacalov, Leonardo DiCaprio",426076293,"Leonardo DiCaprio, Jamie Foxx, Christoph Waltz",1800000
54. City Lights,1931,8.5,"Feel-Good Romance, Romantic Comedy, Satire, Slapstick, Comedy, Drama, Romance","Virginia Cherrill, A Blind Girl, Harry Carr, Charles Chaplin, Florence Lee, Harry Crocker, The Tramp, José Padilla, Georgia Hale",55154,"Charles Chaplin, Virginia Cherrill, Florence Lee",206000
55. Apocalypse Now,1979,8.4,"Adventure Epic, Epic, Hard-boiled Detective, Psychological Drama, Quest, Suspense Mystery, War Epic, Drama, Mystery, War","Martin Sheen, Marlon Brando, Robby Krieger, Robert Duvall, John Milius, Kurtz, Vittorio Storaro, Francis Ford Coppola, Jim Morrison, Michael Herr, The Doors, Ray Manzarek, John Densmore",105086099,"Robert Duvall, Martin Sheen, Marlon Brando",737000
56. Dune: Part Two,2024,8.5,"Action Epic, Desert Adventure, Epic, Sci-Fi Epic, Space Sci-Fi, Action, Adventure, Drama, Sci-Fi","Jon Spaihts, Timothée Chalamet, Paul Atreides, Stellan Skarsgård, Hans Zimmer, Frank Herbert, Gurney Halleck, Denis Villeneuve, Rebecca Ferguson, Stilgar, Zendaya",714644358,"Rebecca Ferguson, Zendaya, Timothée Chalamet",612000
57. Memento,2000,8.4,"Psychological Thriller, Suspense Mystery, Mystery, Thriller","Joe Pantoliano, Christopher Nolan, David Bowie, Carrie-Anne Moss, Leonard Shelby, Guy Pearce, Reeves Gabrels, Jonathan Nolan",40047236,"Carrie-Anne Moss, Joe Pantoliano, Guy Pearce",1400000
58. WALL·E,2008,8.4,"Adventure Epic, Artificial Intelligence, Computer Animation, Dystopian Sci-Fi, Space Sci-Fi, Adventure, Animation, Family, Sci-Fi","Jeff Garlin, Elissa Knight, Ben Burtt, EVE, WALL.E, Andrew Stanton, Pete Docter, Jim Reardon, Jerry Herman",527403656,"Ben Burtt, Jeff Garlin, Elissa Knight",1300000
59. Raiders of the Lost Ark,1981,8.4,"Adventure Epic, Desert Adventure, Globetrotting Adventure, Quest, Action, Adventure","John Rhys-Davies, Marion, Karen Allen, Harrison Ford, Steven Spielberg, Indiana, Philip Kaufman, Arthur Sullivan, George Lucas, W.S. Gilbert, Paul Freeman, Lawrence Kasdan",389925971,"Karen Allen, Paul Freeman, Harrison Ford",1100000
60. The Lives of Others,2006,8.4,"Political Thriller, Psychological Drama, Spy, Drama, Mystery, Thriller","Joachim-Franz Bartzsch, Florian Henckel von Donnersmarck, Hauptmann Gerd Wiesler, Sebastian Koch, Martina Gedeck, Kurt Demmler, Ulrich Mühe, Buchverkäufer",77672685,"Ulrich Mühe, Sebastian Koch, Martina Gedeck",425000
61. Avengers: Infinity War,2018,8.4,"Space Sci-Fi, Superhero, Action, Adventure, Sci-Fi","Christopher Markus, Robert Downey Jr., Linda Creed, Anthony Russo, Tom Holland, Stan Lee, Mark Ruffalo, Stephen McFeely, Joe Russo, Thom Bell, Thor, Rocket Raccoon, Chris Hemsworth, The Spinners",2052415039,"Mark Ruffalo, Robert Downey Jr., Chris Hemsworth",1300000
62. Sunset Blvd.,1950,8.4,"Dark Comedy, Film Noir, Psychological Drama, Showbiz Drama, Tragedy, Drama","William Holden, Erich von Stroheim, D.M. Marshman Jr., Roscoe 'Fatty' Arbuckle, Gloria Swanson, Ray Evans, Billy Wilder, Norma Desmond, Charles Brackett, Jay Livingston, Joe Gillis",309467,"William Holden, Gloria Swanson, Erich von Stroheim",247000
63. Spider-Man: Into the Spider-Verse,2018,8.4,"Computer Animation, Superhero, Supernatural Fantasy, Teen Adventure, Urban Adventure, Action, Adventure, Animation, Comedy, Family","Bob Persichetti, Peter Ramsey, Rodney Rothman, Fred Wesley, Stan, Stan Lee, Steve Ditko, St. Clair Pinckney, James Brown, Phil Lord, Shameik Moore, Hailee Steinfeld, Jake Johnson",393602435,"Shameik Moore, Hailee Steinfeld, Jake Johnson",721000
64. Paths of Glory,1957,8.4,"Epic, Psychological Drama, War Epic, Drama, War","Ralph Meeker, Kirk Douglas, Jim Thompson, Francisco Franco, Stanley Kubrick, Claude Joseph Rouget de Lisle, Calder Willingham, Pvt. Pierre Arnaud, Adolphe Menjou",8290,"Ralph Meeker, Adolphe Menjou, Kirk Douglas",225000
65. Witness for the Prosecution,1957,8.4,"Legal Drama, Legal Thriller, Whodunnit, Crime, Drama, Mystery, Thriller","Jack Brooks, Tyrone Power, Agatha Christie, Harry Kurnitz, Ralph Arthur Roberts, Billy Wilder, Sir Wilfrid, Maurice Zolotow, Marlene Dietrich, Charles Laughton",7903,"Tyrone Power, Marlene Dietrich, Charles Laughton",149000
66. The Shining,1980,8.4,"Dark Comedy, Psychological Drama, Psychological Horror, Supernatural Horror, Drama, Horror","Tony Burton, Jack Nicholson, Rachel Elkind, Jack Torrance, Anne Jackson, Wendy Carlos, Stephen King, Danny Lloyd, Stanley Kubrick, Shelley Duvall, Hector Berlioz, Diane Johnson",47962534,"Shelley Duvall, Danny Lloyd, Jack Nicholson",1200000
67. The Great Dictator,1940,8.4,"Parody, Satire, Slapstick, Comedy, Drama, War","Hannah, A Jewish Barber, Charles Chaplin, Adolf Hitler, Paulette Goddard, Johannes Brahms, Jack Oakie, Benito Mussolini, Mr. Jaeckel",972212,"Jack Oakie, Paulette Goddard, Charles Chaplin",248000
68. 12th Fail,2023,8.8,"Docudrama, Biography, Drama","Medha Shankr, Jaskunwar Kohli, Vikrant Massey, Anant Joshi, Anurag Pathak, Vidhu Vinod Chopra, Manoj Sharma",138288,"Anant Joshi, Medha Shankr, Vikrant Massey",144000
69. Aliens,1986,8.4,"Alien Invasion, Cyberpunk, Monster Horror, Space Sci-Fi, Survival, Tragedy, Action, Adventure, Horror, Sci-Fi","Sigourney Weaver, David Giler, James Cameron, Private Vasquez, Private Hudson, Lance Henriksen, Carrie Henn, Walter Hill, Michael Biehn",131060248,"Sigourney Weaver, Carrie Henn, Michael Biehn",804000
70. Inglourious Basterds,2009,8.4,"Dark Comedy, Period Drama, Adventure, Drama, War","Brad Pitt, Quentin Tarantino, Christoph Waltz, Lt. Aldo Raine, The Nick Perito Orchestra, Pfc. Omar Ulmer, Dimitri Tiomkin, Lawrence Bender, Paul Francis Webster, Eli Roth, Diane Kruger",321460744,"Brad Pitt, Diane Kruger, Eli Roth",1700000
71. The Dark Knight Rises,2012,8.4,"Action Epic, Epic, Superhero, Action, Drama, Thriller","Minnesota Orchestra, Marlon Brando, Christopher Nolan, Tom Hardy, Anne Hathaway, Heath Ledger, Jim Gordon, Stanislaw Skrowaczewski, Batman, Maurice Ravel, Bryan Singer, Jonathan Nolan, David S. Goyer, Christian Bale",1114976407,"Tom Hardy, Christian Bale, Anne Hathaway",1900000
72. Coco,2017,8.4,"Computer Animation, Supernatural Fantasy, Adventure, Animation, Drama, Family, Fantasy, Music, Mystery","Robert Lopez, Matthew Aldrich, Germaine Franco, Kristen Anderson-Lopez, Ana Ofelia Murguía, Lee Unkrich, Adrian Molina, Libertad García Fonzi, Gael García Bernal, Benjamin Bratt, Héctor, Jason Katz, Anthony Gonzalez",814641172,"Gael García Bernal, Benjamin Bratt, Anthony Gonzalez",641000
73. Amadeus,1984,8.4,"Costume Drama, Epic, Period Drama, Tragedy, Biography, Drama, Music","Lorenzo da Ponte, Tom Hulce, Peter Shaffer, Robin Leggate, Neville Marriner, Milos Forman, Isobel Buchanan, Zdenek Mahler, Samuel Ramey, Alexander Oliver, Wolfgang Amadeus Mozart, The Academy of St. Martin-in-the-Fields, John Tomlinson, Felicity Lott, Frantisek Tomasek, Elizabeth Berridge, Anne Howells, Antonio Salieri, F. Murray Abraham, Willard White, Deborah Rees, Richard Stilwell",52110293,"Elizabeth Berridge, Tom Hulce, F. Murray Abraham",446000
74. Toy Story,1995,8.3,"Buddy Comedy, Computer Animation, Supernatural Fantasy, Urban Adventure, Adventure, Animation, Comedy, Family, Fantasy","John Lasseter, Tom Hanks, Andrew Stanton, Don Rickles, Pete Docter, Buzz, Tim Allen, Randy Newman, Woody",394436586,"Don Rickles, Tim Allen, Tom Hanks",1100000
75. Avengers: Endgame,2019,8.4,"Space Sci-Fi, Superhero, Time Travel, Tragedy, Action, Adventure, Sci-Fi","Christopher Markus, Traffic, Natasha Romanoff, Robert Downey Jr., Chris Wood, Steve Winwood, Anthony Russo, Chris Evans, Jim Capaldi, Stan Lee, Mark Ruffalo, Stephen McFeely, Joe Russo, Clint Barton",2799439100,"Chris Evans, Robert Downey Jr., Mark Ruffalo",1300000
76. Good Will Hunting,1997,8.3,"Coming-of-Age, Psychological Drama, Drama, Romance","Matt Damon, Sean, The Wolfetones, Will, Gus Van Sant, Ben Affleck, Robin Williams",225933435,"Matt Damon, Ben Affleck, Robin Williams",1100000
77. Oldboy,2003,8.3,"Dark Comedy, One-Person Army Action, Psychological Drama, Psychological Thriller, Action, Drama, Mystery, Thriller","Nobuaki Minegishi, Choi Min-sik, Kang Hye-jeong, Park Chan-wook, Yoo Ji-tae, Garon Tsuchiya, Starsailor, Woo-jin Lee",17592355,"Yoo Ji-tae, Choi Min-sik, Kang Hye-jeong",673000
78. Dr. Strangelove or: How I Learned to Stop Worrying and Love the Bomb,1964,8.3,"Dark Comedy, Farce, Political Drama, Satire, Tragedy, Comedy, War","Jimmy Campbell, Peter Bull, Peter George, George C. Scott, Sterling Hayden, Reginald Connelly, Laurie Johnson, Stanley Kubrick, Harry M. Woods, Peter Sellers, Terry Southern, President Merkin Muffley",9631984,"George C. Scott, Peter Sellers, Sterling Hayden",536000
79. American Beauty,1999,8.3,"Psychological Drama, Tragedy, Drama","John Lennon, Tom Cruise, Sam Mendes, Lester Burnham, Thora Birch, Nicole Kidman, Elliott Smith, Paul McCartney, Annette Bening, Mena Suvari, Kevin Spacey, Alan Ball",356296601,"Thora Birch, Kevin Spacey, Annette Bening",1200000
80. Das Boot,1981,8.4,"Epic, War Epic, Drama, War","Jürgen Prochnow, Rosita Serrano, Lothar G. Buchheim, Lt. Werner, Herbert Grönemeyer, Michael Jary, Klaus Wennemann, Wolfgang Petersen, Captain, Sebastian Iradier",11488778,"Klaus Wennemann, Jürgen Prochnow, Herbert Grönemeyer",278000
81. Braveheart,1995,8.3,"Action Epic, Costume Drama, Epic, Period Drama, War Epic, Biography, Drama, War","Veteran, Young Soldier, Patrick McGoohan, Sophie Marceau, Mel Gibson, Randall Wallace, William Wallace",213216216,"Mel Gibson, Patrick McGoohan, Sophie Marceau",1100000
82. Princess Mononoke,1997,8.3,"Action Epic, Adult Animation, Adventure Epic, Anime, Dark Fantasy, Fantasy Epic, Hand-Drawn Animation, Quest, Adventure, Animation","Hayao Miyazaki, Tokyo City Philharmonic Orchestra, Yuriko Ishida, Yûko Tanaka, Yôji Matsuda, Yoshikazu Mera, Hiroshi Kumagai, Toshio Suzuki, Joe Hisaishi, Harvey Weinstein",170518820,"Yôji Matsuda, Yûko Tanaka, Yuriko Ishida",455000
83. Your Name.,2016,8.4,"Anime, Shōjo, Animation, Drama, Fantasy, Romance","Mone Kamishiraishi, Ryo Narita, Radwimps, Makoto Shinkai, Hitoha Miyamizu, Ryûnosuke Kamiki, Youjirou Noda",405340703,"Ryo Narita, Mone Kamishiraishi, Ryûnosuke Kamiki",351000
84. High and Low,1963,8.4,"Police Procedural, Crime, Drama, Mystery, Thriller","Tatsuya Nakadai, Yumi Shirakawa, Hideo Oguni, Eijirô Hisaita, Kingo Gondo, Toshirô Mifune, Akira Kurosawa, Yutaka Sada, Ryûzô Kikushima, Kazuko Kurosawa, Ginjirô Takeuchi, medical intern",64259,"Yutaka Sada, Tatsuya Nakadai, Toshirô Mifune",59000
85. 3 Idiots,2009,8.4,"Buddy Comedy, Coming-of-Age, Quirky Comedy, Comedy, Drama","Sonu Nigam, Swanand Kirkire, Machine Class Professor, Abhijat Joshi, Shaan, Rajkumar Hirani, Mona Singh, Rancho, Shantanu Moitra, Madhavan, Vidhu Vinod Chopra, Aamir Khan",60262836,"Madhavan, Aamir Khan, Mona Singh",455000
86. Joker,2019,8.3,"Psychological Drama, Psychological Thriller, Tragedy, Crime, Drama, Thriller","Claude Bolling, Robert De Niro, Bob Kane, Todd Phillips, Scott Silver, Joaquin Phoenix, Zazie Beetz, Arthur Fleck",1078958629,"Joaquin Phoenix, Robert De Niro, Zazie Beetz",1600000
87. Once Upon a Time in America,1984,8.3,"Dark Comedy, Epic, Gangster, Period Drama, Crime, Drama","Harry Grey, James Woods, Joey Faye, Noodles, Nino Baragli, Piero De Bernardi, Robert De Niro, Leonardo Benvenuti, Elizabeth McGovern, Sergio Leone, Kate Smith, Irving Berlin",5476126,"James Woods, Elizabeth McGovern, Robert De Niro",392000
88. Capernaum,2018,8.4,Drama,"Nadine Labaki, Zain, Yordanos Shiferaw, Zain Al Rafeea, Jihad Hojeily, Boluwatife Treasure Bankole, Michelle Keserwany",64417003,"Boluwatife Treasure Bankole, Yordanos Shiferaw, Zain Al Rafeea",115000
89. Singin' in the Rain,1952,8.3,"Classic Musical, Feel-Good Romance, Jukebox Musical, Romantic Comedy, Satire, Comedy, Musical, Romance","Betty Comden, Stanley Donen, Cosmo Brown, Cyd Charisse, Adolph Green, Al Hoffman, Debbie Reynolds, Donald O'Connor, Gene Kelly, Al Goodhart, Arthur Freed",2094272,"Gene Kelly, Debbie Reynolds, Donald O'Connor",271000
90. Come and See,1985,8.3,"Epic, Period Drama, Tragedy, War Epic, Drama, Thriller, War","Olga Mironova, Ales Adamovich, Richard Wagner, Aleksey Kravchenko, Flyora Gaishun, Elem Klimov, Liubomiras Laucevicius",20929648,"Olga Mironova, Aleksey Kravchenko, Liubomiras Laucevicius",110000
91. Requiem for a Dream,2000,8.3,"Psychological Drama, Tragedy, Drama","Jennifer Connelly, Sara Goldfarb, Hubert Selby Jr., Harry Goldfarb, Jared Leto, Matthew Libatique, Brian Emrich, Tico Torres, Ellen Burstyn, Darren Aronofsky",7391471,"Ellen Burstyn, Jennifer Connelly, Jared Leto",933000
92. Toy Story 3,2010,8.3,"Computer Animation, Supernatural Fantasy, Urban Adventure, Adventure, Animation, Comedy, Family, Fantasy","Joan Cusack, John Lasseter, Mitchell Froom, Tom Hanks, Andrew Stanton, Lee Unkrich, Tim Allen, Randy Newman, Woody",1067316101,"Tim Allen, Tom Hanks, Joan Cusack",925000
93. Star Wars: Episode VI - Return of the Jedi,1983,8.3,"Action Epic, Adventure Epic, Dark Fantasy, Epic, Fantasy Epic, Globetrotting Adventure, Quest, Sci-Fi Epic, Space Sci-Fi, Sword & Sorcery","Harrison Ford, Carrie Fisher, Luke Skywalker, Richard Marquand, Lawrence Kasdan, John Williams, Joseph Williams, Michele Gruska, Ernie Fosselius, Warwick Davis, George Lucas, Anakin Skywalker, Annie Arbogast, Mark Hamill",482466382,"Harrison Ford, Carrie Fisher, Mark Hamill",1200000
94. The Hunt,2012,8.3,"Psychological Drama, Tragedy, Drama","Annika Wedderkopp, Lucas, Theo, Thomas Vinterberg, Agnes, Van Morrison, Thomas Bo Larsen, Tobias Lindholm, Mads Mikkelsen",15886373,"Annika Wedderkopp, Thomas Bo Larsen, Mads Mikkelsen",385000
95. Eternal Sunshine of the Spotless Mind,2004,8.3,"Dark Romance, Psychological Drama, Drama, Romance, Sci-Fi","Tom Wilkinson, Charlie Kaufman, Jon Brion, Kate Winslet, Pierre Bismuth, Beck, Mark Ruffalo, Michel Gondry, Joel Barish, Elijah Wood, Jim Carrey, James Warren, Clementine Kruczynski",73384095,"Jim Carrey, Kate Winslet, Tom Wilkinson",1100000
96. Ikiru,1952,8.3,"Psychological Drama, Tragedy, Drama","Kanji, Shinobu Hashimoto, Georges Koger, Hideo Oguni, Nobuo Kaneko, Akira Kurosawa, Shin'ichi Himori, Henri Varna, Takashi Shimura, Josephine Baker, Vincent Scotto",113821,"Shin'ichi Himori, Nobuo Kaneko, Takashi Shimura",95000
97. 2001: A Space Odyssey,1968,8.3,"Adventure Epic, Artificial Intelligence, Epic, Psychological Drama, Sci-Fi Epic, Space Sci-Fi, Adventure, Sci-Fi","William Sylvester, Aram Khachaturyan, Arthur C. Clarke, Douglas Trumbull, Stanley Kubrick, Gennadi Rozhdestvensky, HAL, Gary Lockwood, Keir Dullea, Leningrad Philharmonic Orchestra",66810089,"Gary Lockwood, Keir Dullea, William Sylvester",749000
98. Reservoir Dogs,1992,8.3,"Gangster, Heist, Crime, Thriller","Quentin Tarantino, Mr. Pink, Mr. Blue, George Baker, Tim Roth, Nice Guy Eddie, Jan Gerbrand Visser, George Baker Selection, Chris Penn, Steve Buscemi, Michael Madsen, Roger Avary, Harvey Keitel",2932006,"Tim Roth, Harvey Keitel, Michael Madsen",1100000
99. The Apartment,1960,8.3,"Farce, Holiday Comedy, Holiday Romance, Romantic Comedy, Comedy, Drama, Holiday, Romance","C.C. Baxter, Frederick Oakeley, Shirley MacLaine, Fran Kubelik, Alexandre Trauner, Edward G. Boyle, Billy Wilder, Fred MacMurray, I.A.L. Diamond, John Francis Wade, Jack Lemmon",18783770,"Shirley MacLaine, Fred MacMurray, Jack Lemmon",207000
100. Incendies,2010,8.3,"Suspense Mystery, Drama, Mystery, War","Jonny Greenwood, Ed O'Brien, Phil Selway, Mélissa Désormeaux-Poulin, Lubna Azabal, Valérie Beaugrand-Champagne, Denis Villeneuve, Thom Yorke, Simon Marwan, Maxim Gaudette, Radiohead, Wajdi Mouawad, Colin Greenwood",6797861,"Lubna Azabal, Mélissa Désormeaux-Poulin, Maxim Gaudette",224000
101. Lawrence of Arabia,1962,8.3,"Adventure Epic, Desert Adventure, Epic, Tragedy, War Epic, Adventure, Biography, Drama, War","Peter O'Toole, Alec Guinness, Michael Wilson, Abdullah II King Of Jordan, T.E. Lawrence, Sam Spiegel, David Lean, Anthony Quinn, Fred Gilbert, William Potter, Robert Bolt, King Hussein",45766917,"Peter O'Toole, Alec Guinness, Anthony Quinn",327000
102. Scarface,1983,8.3,"Drug Crime, Epic, Gangster, Tragedy, Crime, Drama","Tony Montana, Ben Hecht, Al Pacino, Howard Hawks, Oliver Stone, Giorgio Moroder, Brian De Palma, Pete Bellotte, Steven Bauer, Paul Engemann, Michelle Pfeiffer",66443303,"Steven Bauer, Michelle Pfeiffer, Al Pacino",956000
103. Double Indemnity,1944,8.3,"Film Noir, Hard-boiled Detective, Crime, Drama, Mystery, Thriller","Edward G. Robinson, Barbara Stanwyck, Victor Schertzinger, Billy Wilder, Fred MacMurray, James M. Cain, Barton Keyes, Raymond Chandler, Walter Neff",21026,"Fred MacMurray, Barbara Stanwyck, Edward G. Robinson",174000
104. North by Northwest,1959,8.3,"Spy, Adventure, Drama, Mystery, Thriller","Roger Thornhill, Harold Adamson, Jimmy McHugh, Cary Grant, Ticket Seller, Ernest Lehman, Gerald Devriès, James Mason, Alfred Hitchcock, James Stewart, Eva Marie Saint, Otto Preminger",192323,"Cary Grant, James Mason, Eva Marie Saint",359000
105. Heat,1995,8.3,"Action Epic, Cop Drama, Epic, Gangster, Heist, Action, Crime, Drama","Passengers, Al Pacino, Robert De Niro, Val Kilmer, Vincent Hanna, Michael Mann, Diane Venora, Hank Azaria, Ashley Judd",187436818,"Robert De Niro, Val Kilmer, Al Pacino",749000
106. Citizen Kane,1941,8.3,"Epic, Period Drama, Tragedy, Drama, Mystery","Mr. Bernstein, Orson Welles, CeePee Johnson, Buddy Collette, Alton Redd, Dorothy Comingore, Charlie Barnet, Herman J. Mankiewicz, Joseph Cotten, John Houseman, The King Cole Trio, Gregg Toland, Haven Johnson",1707754,"Dorothy Comingore, Orson Welles, Joseph Cotten",479000
107. Up,2009,8.3,"Coming-of-Age, Computer Animation, Globetrotting Adventure, Adventure, Animation, Comedy, Drama, Family","Edward Asner, John Ratzenberger, Jordan Nagai, Felix Mendelssohn, Bob Peterson, Tom McCarthy, Carl Fredricksen, Dug, Pete Docter",735102136,"Edward Asner, John Ratzenberger, Jordan Nagai",1200000
108. M,1931,8.3,"Psychological Thriller, Serial Killer, Suspense Mystery, Crime, Mystery, Thriller","Fritz Lang, Hans Beckert, Peter Lorre, Ellen Widmann, Schraenker, Thea von Harbou, Inge Landgut, Edvard Grieg, Egon Jacobsohn",35566,"Ellen Widmann, Peter Lorre, Inge Landgut",176000
109. Full Metal Jacket,1987,8.2,"Dark Comedy, Period Drama, Drama, War","Vincent D'Onofrio, Tom T. Hall, R. Lee Ermey, Michael Herr, Stanley Kubrick, Gustav Hasford, Johnny Wright, Matthew Modine, Gunnery Sergeant Hartman",50193748,"Vincent D'Onofrio, Matthew Modine, R. Lee Ermey",817000
110. Vertigo,1958,8.3,"Psychological Thriller, Tragedy, Mystery, Romance, Thriller","Alec Coppel, Barbara Bel Geddes, Saul Bass, Samuel A. Taylor, Pierre Boileau, Scottie, Alfred Hitchcock, James Stewart, Madeleine, Wolfgang Amadeus Mozart, Kim Novak",7968347,"Barbara Bel Geddes, James Stewart, Kim Novak",443000
111. Amélie,2001,8.3,"Feel-Good Romance, Quirky Comedy, Romantic Comedy, Comedy, Romance","Rufus, Audrey Tautou, Neil Hannon, Mathieu Kassovitz, The Sacré-Coeur Boy, Guillaume Laurant, Yann Tiersen, Jean-Pierre Jeunet",175183052,"Mathieu Kassovitz, Rufus, Audrey Tautou",815000
112. A Clockwork Orange,1971,8.2,"Dark Comedy, Dystopian Sci-Fi, Crime, Sci-Fi","Michael Bates, Patrick Magee, Ludwig van Beethoven, Malcolm McDowell, Stanley Kubrick, Alex, Anthony Burgess",27034174,"Patrick Magee, Michael Bates, Malcolm McDowell",907000
113. A Separation,2011,8.3,"Legal Drama, Psychological Drama, Drama","Sareh Bayat, Simin, Asghar Farhadi, Leila Hatami, Payman Maadi, Nader",22926076,"Sareh Bayat, Payman Maadi, Leila Hatami",268000
114. To Kill a Mockingbird,1962,8.3,"Legal Drama, Period Drama, Crime, Drama","Frank Overton, Atticus Finch, Harper Lee, Gregory Peck, John Megna, Jem, Horton Foote, Robert Mulligan",601391,"Gregory Peck, Frank Overton, John Megna",342000
115. Oppenheimer,2023,8.3,"Docudrama, Epic, Historical Epic, Period Drama, Psychological Drama, Biography, Drama, History","Matt Damon, Christopher Nolan, Albert Einstein, J. Robert Oppenheimer, Kai Bird, Les Brown and His Band of Renown, Martin Sherwin, Gerhard Narholz, Emily Blunt, Cillian Murphy",975811333,"Matt Damon, Cillian Murphy, Emily Blunt",865000
116. Die Hard,1988,8.2,"Disaster, One-Person Army Action, Action, Holiday, Thriller","Nacio Herb Brown, Arthur Freed, Bonnie Bedelia, Jeb Stuart, Alan Rickman, John McTiernan, John McClane, Steven E. de Souza, Roderick Thorp, Bruce Willis",143651650,"Alan Rickman, Bonnie Bedelia, Bruce Willis",985000
117. The Sting,1973,8.3,"Caper, Comedy, Crime, Drama","George Roy Hill, Eileen Brennan, Robert Shaw, Robert Redford, Charles Durning, Scott Joplin, Henry Gondorff, David S. Ward, Marvin Hamlisch, Johnny Hooker, Paul Newman",156000000,"Robert Redford, Robert Shaw, Paul Newman",289000
118. Like Stars on Earth,2007,8.3,"Drama, Family","Amole Gupte, Tisca Chopra, Amitabh Bachchan, Abhishek Bachchan, Shankar Mahadevan, Vivienne Pocha, Darsheel Safary, Ehsaan Noorani, Ram Shankar Nikumbh, Loy Mendonsa, Dominique Cerejo, Aamir Khan, Prasoon Joshi",21897373,"Darsheel Safary, Aamir Khan, Tisca Chopra",216000
119. Indiana Jones and the Last Crusade,1989,8.2,"Adventure Epic, Desert Adventure, Globetrotting Adventure, Quest, Action, Adventure","Harrison Ford, Indiana Jones, Steven Spielberg, Jeffrey Boam, Leo Robin, Sean Connery, Ralph Rainger, Vic Armstrong, Menno Meyjes, George Lucas, Benny Goodman, Alison Doody",474171806,"Sean Connery, Harrison Ford, Alison Doody",834000
120. Metropolis,1927,8.3,"Dystopian Sci-Fi, Epic, Sci-Fi Epic, Steampunk, Drama, Sci-Fi","Thea von Harbou, Brigitte Helm, Maria, Alfred Abel, Gustav Fröhlich, Fritz Lang",1350322,"Alfred Abel, Brigitte Helm, Gustav Fröhlich",193000
121. Snatch,2000,8.2,"Caper, Dark Comedy, Gangster, Comedy, Crime","Jason Statham, Brad Pitt, Guy Ritchie, Turkish, Overseer, Dr. Chug, Stephen Graham",83557872,"Jason Statham, Brad Pitt, Stephen Graham",940000
122. 1917,2019,8.2,"Epic, Period Drama, War Epic, Action, Drama, War","Lee Smith, Daniel Mays, Craig Leon, Sam Mendes, General Erinmore, Krysty Wilson-Cairns, Dean-Charles Chapman, Jos Slovick, George MacKay",446064352,"George MacKay, Dean-Charles Chapman, Daniel Mays",721000
123. L.A. Confidential,1997,8.2,"Conspiracy Thriller, Cop Drama, Hard-boiled Detective, Period Drama, Police Procedural, Suspense Mystery, Whodunnit, Crime, Drama, Mystery","Brian Helgeland, James Ellroy, Russell Crowe, Harold Arlen, Johnny Mercer, Guy Pearce, Captain Dudley Smith, Curtis Hanson, Kevin Spacey",126216940,"Russell Crowe, Kevin Spacey, Guy Pearce",638000
124. Bicycle Thieves,1948,8.2,"Tragedy, Drama","Oreste Biancoli, Lamberto Maggiorani, Antonio Ricci, Lianella Carell, Cesare Zavattini, Enzo Staiola, Vittorio De Sica, Luigi Bartolini",451336,"Enzo Staiola, Lamberto Maggiorani, Lianella Carell",184000
125. Downfall,2004,8.2,"Docudrama, Political Drama, Tragedy, Biography, Drama, History, War","Oliver Hirschbiegel, Bruno Ganz, Traudl Junge, Horst Liebenau, Ulrich Matthes, Stephan Zacharias, Bernd Eichinger, Adolf Hitler, General der Infanterie Wilhelm Burgdorf, Alexandra Maria Lara, Henry Purcell, Joachim Fest",92181574,"Bruno Ganz, Ulrich Matthes, Alexandra Maria Lara",386000
126. Dangal,2016,8.3,"Action, Biography, Drama, Sport","Nitesh Tiwari, Sartaz Khan Barna, Sarwar Khan, Dayam Khan, Kheta Khan, Piyush Gupta, Nikhil Mehrotra, Sakshi Tanwar, Shreyas Jain, Fatima Sana Shaikh, Mahavir Singh Phogat, Pritam Chakraborty, Amitabh Bhattacharya, Aamir Khan",303726694,"Sakshi Tanwar, Fatima Sana Shaikh, Aamir Khan",223000
127. Taxi Driver,1976,8.2,"Psychological Drama, Crime, Drama","Paul Schrader, Travis Bickle, Robert De Niro, Martin Scorsese, Jackson Browne, Jodie Foster, Cybill Shepherd",28580862,"Robert De Niro, Cybill Shepherd, Jodie Foster",970000
128. Hamilton,2020,8.3,"Epic, Biography, Drama, History, Musical","Thomas Kail, King George, Anthony Ramos, Leslie Odom Jr., Ron Chernow, Okieriete Onaodowan, Daveed Diggs, Lin-Manuel Miranda, Chris Jackson, Phillipa Soo",0,"Leslie Odom Jr., Lin-Manuel Miranda, Phillipa Soo",126000
129. The Wolf of Wall Street,2013,8.2,"Dark Comedy, Docudrama, Epic, Raunchy Comedy, Satire, True Crime, Biography, Comedy, Crime, Drama","Theodore Shapiro, Terence Winter, Jonah Hill, Jordan Belfort, Martin Scorsese, Matthew McConaughey, Leonardo DiCaprio, Margot Robbie, Donnie Azoff, Max Belfort",407039432,"Leonardo DiCaprio, Margot Robbie, Jonah Hill",1700000
130. Batman Begins,2005,8.2,"Action Epic, Epic, Superhero, Tragedy, Action, Drama","Christopher Nolan, Ken Watanabe, Michael Caine, Arrigo Boito, Bob Kane, London Symphony Orchestra, Julius Rudel, The Ambrosian Singers, David S. Goyer, Christian Bale, Henri Ducard",375406308,"Ken Watanabe, Michael Caine, Christian Bale",1600000
131. Green Book,2018,8.2,"Docudrama, Period Drama, Road Trip, Biography, Comedy, Drama, Music","Nick Vallelonga, Tony Lip, Harold Arlen, Johnny Mercer, Peter Farrelly, Mahershala Ali, Linda Cardellini, Brian Hayes Currie, Viggo Mortensen",321752656,"Mahershala Ali, Linda Cardellini, Viggo Mortensen",627000
132. For a Few Dollars More,1965,8.2,"One-Person Army Action, Spaghetti Western, Drama, Western","Col. Douglas Mortimer, Lee Van Cleef, Clint Eastwood, Gian Maria Volontè, Alberto Grimaldi, Luciano Vincenzoni, Sergio Leone, Fulvio Morsella, Monco, Ennio Morricone",15000000,"Lee Van Cleef, Clint Eastwood, Gian Maria Volontè",286000
133. The Truman Show,1998,8.2,"Dark Comedy, High-Concept Comedy, Psychological Drama, Satire, Showbiz Drama, Comedy, Drama","Truman, Andrew Niccol, Ed Harris, Laura Linney, Wilhelm Kempff, Jim Carrey, Wolfgang Amadeus Mozart, Peter Weir",264118712,"Jim Carrey, Ed Harris, Laura Linney",1300000
134. Judgment at Nuremberg,1961,8.3,"Legal Drama, Drama, War","Abby Mann, Hans Leip, Richard Widmark, Judge Dan Haywood, Charles Dorat, Montgomery Clift, Burt Lancaster, Spencer Tracy, Norbert Schultze, Stanley Kramer, Ernst Janning, Marlene Dietrich",12180,"Burt Lancaster, Richard Widmark, Spencer Tracy",90000
135. Some Like It Hot,1959,8.2,"Buddy Comedy, Farce, Satire, Screwball Comedy, Comedy, Music, Romance","Alton Hendrickson, Robert Thoeren, Gene Cipriano, Osgood, Jerry, Billy Wilder, I.A.L. Diamond, Marilyn Monroe, Jack Lemmon, Leo Wood, Tony Curtis, Joe Grey, A.H. Gibbs",208786,"Tony Curtis, Marilyn Monroe, Jack Lemmon",293000
136. The Kid,1921,8.2,"Buddy Comedy, Slapstick, Comedy, Drama, Family","Jackie Coogan, Edna Purviance, Roland Totheroh, Charles Chaplin",41979,"Jackie Coogan, Edna Purviance, Charles Chaplin",140000
137. Shutter Island,2010,8.2,"Psychological Thriller, Suspense Mystery, Drama, Mystery, Thriller","Teddy Daniels, Berliner Philharmoniker, Laeta Kalogridis, Dennis Lehane, György Ligeti, Gustav Mahler, Martin Scorsese, Mark Ruffalo, Jonathan Nott, Emily Mortimer, Leonardo DiCaprio, Chuck Aule",294972125,"Leonardo DiCaprio, Emily Mortimer, Mark Ruffalo",1500000
138. The Father,2020,8.2,"Psychological Drama, Drama, Mystery","Redi Hasa, Mark Gatiss, Olivia Colman, Anthony Hopkins, Ludovico Einaudi, Christopher Hampton, Florian Zeller, Anthony, Federico Mecozzi",24048935,"Olivia Colman, Mark Gatiss, Anthony Hopkins",210000
139. All About Eve,1950,8.2,"Showbiz Drama, Drama","Franz Liszt, Mary Orr, Anne Baxter, Bette Davis, Margo, George Sanders, Joseph L. Mankiewicz, Gary Merrill",154736,"George Sanders, Bette Davis, Anne Baxter",144000
140. Jurassic Park,1993,8.2,"Dinosaur Adventure, Jungle Adventure, Action, Adventure, Sci-Fi, Thriller","Michael Crichton, Laura Dern, Steven Spielberg, Sam Neill, Dr. Ian Malcolm, John Hammond, David Koepp, Dolores Guadalupe Olivares, Jeff Goldblum",1104379926,"Jeff Goldblum, Sam Neill, Laura Dern",1100000
141. There Will Be Blood,2007,8.2,"Epic, Period Drama, Psychological Drama, Tragedy, Drama","Daniel Day-Lewis, Upton Sinclair, Paul Dano, Jonny Greenwood, Robert Ziegler, Ciarán Hinds, Eli Sunday, Daniel Plainview, Dillon Freasier, BBC Concert Orchestra, Paul Thomas Anderson",76430381,"Daniel Day-Lewis, Paul Dano, Ciarán Hinds",666000
142. Casino,1995,8.2,"Docudrama, Epic, Gangster, True Crime, Crime, Drama","Sharon Stone, Nicholas Pileggi, Robert De Niro, Martin Scorsese, Chicago Symphony Orchestra, Johann Sebastian Bach, Georg Solti, Ace Rothstein, Joe Pesci",116112375,"Robert De Niro, Sharon Stone, Joe Pesci",588000
143. The Sixth Sense,1999,8.2,"Psychological Drama, Psychological Thriller, Suspense Mystery, Drama, Mystery, Thriller","Haley Joel Osment, Malcolm Crowe, Sammy Cahn, Chet Baker, Toni Collette, Cole Sear, M. Night Shyamalan, Bruce Willis, Jule Styne",672806432,"Toni Collette, Haley Joel Osment, Bruce Willis",1100000
144. Ran,1985,8.2,"Epic, Samurai, Tragedy, War Epic, Action, Drama, War","Tatsuya Nakadai, Kyoami, Jinpachi Nezu, Hideo Oguni, Akira Terao, Yôko Yaguchi, Akira Kurosawa, Masato Ide",4172871,"Akira Terao, Tatsuya Nakadai, Jinpachi Nezu",142000
145. Top Gun: Maverick,2022,8.2,"Action Epic, Epic, Action, Drama","Jack Epps Jr., Tom Cruise, Peter Craig, Jennifer Connelly, Maverick, Jim Cash, Rear Admiral, Kenny Loggins, Miles Teller, Giorgio Moroder, Tom Whitlock, Joseph Kosinski",1495696292,"Jennifer Connelly, Tom Cruise, Miles Teller",763000
146. No Country for Old Men,2007,8.2,"Contemporary Western, Serial Killer, Crime, Drama, Thriller","Javier Bardem, Gas Station Proprietor, John Mancha, Cormac McCarthy, Tommy Lee Jones, Anton Chigurh, Angel H. Alvarado Jr., Milton Hernandez, David A. Gomez, Joel Coen, Josh Brolin, Ethan Coen",171632777,"Javier Bardem, Tommy Lee Jones, Josh Brolin",1100000
147. The Thing,1982,8.2,"Alien Invasion, Body Horror, Monster Horror, Supernatural Horror, Tragedy, Horror, Mystery, Sci-Fi","Bill Lancaster, John Carpenter, Wilford Brimley, Billie Holiday, Garry, Kurt Russell, John W. Campbell Jr., Keith David, Arthur Herzog Jr.",20836881,"Wilford Brimley, Kurt Russell, Keith David",494000
148. Pan's Labyrinth,2006,8.2,"Coming-of-Age, Dark Fantasy, Fairy Tale, Period Drama, Supernatural Fantasy, Teen Fantasy, Tragedy, Drama, Fantasy, War","Sergi López, Mercedes, Capitán Vidal, Doug Jones, Javier Navarrete, Ariadna Gil, Ivana Baquero, Guillermo del Toro",83863565,"Ivana Baquero, Sergi López, Ariadna Gil",722000
149. Unforgiven,1992,8.2,"Period Drama, Tragedy, Drama, Western","Lennie Niehaus, Little Bill Daggett, Will Munny, David Webb Peoples, Clint Eastwood, Gene Hackman, Sergio Leone, Don Siegel, Morgan Freeman",159167799,"Gene Hackman, Clint Eastwood, Morgan Freeman",452000
150. A Beautiful Mind,2001,8.2,"Docudrama, Period Drama, Psychological Drama, Biography, Drama, Mystery","Jennifer Connelly, Russell Crowe, Ron Howard, Will Jennings, John Nash, Charlotte Church, Dr. Rosen, Ed Harris, Akiva Goldsman, Sylvia Nasar, James Horner",316791257,"Russell Crowe, Jennifer Connelly, Ed Harris",1000000
151. Kill Bill: Vol. 1,2003,8.2,"Kung Fu, Martial Arts, One-Person Army Action, Action, Crime, Thriller","Nancy Sinatra, Quentin Tarantino, Shin'ichi Chiba, Sonny Bono, Daryl Hannah, David Carradine, Uma Thurman, Chiaki Kuriyama, Hattori Hanzo",180908413,"David Carradine, Daryl Hannah, Uma Thurman",1200000
152. The Treasure of the Sierra Madre,1948,8.2,"Tragedy, Adventure, Drama, Western","Charles Dorat, Gold Hat, B. Traven, John Huston, Walter Huston, Humphrey Bogart, Tim Holt",5014000,"Walter Huston, Humphrey Bogart, Tim Holt",137000
153. Prisoners,2013,8.2,"Psychological Thriller, Suspense Mystery, Crime, Drama, Mystery, Thriller","Jake Gyllenhaal, Keller Dover, Ocean, Hugh Jackman, Denis Villeneuve, Aaron Guzikowski, Gene MacLellan, Viola Davis",122127446,"Hugh Jackman, Jake Gyllenhaal, Viola Davis",862000
154. Yojimbo,1961,8.2,"One-Person Army Action, Period Drama, Samurai, Action, Drama, Thriller","Tatsuya Nakadai, Sanjuro, Eijirô Tôno, Toshirô Mifune, Akira Kurosawa, Ryûzô Kikushima",68178,"Tatsuya Nakadai, Toshirô Mifune, Eijirô Tôno",137000
155. Finding Nemo,2003,8.2,"Animal Adventure, Buddy Comedy, Computer Animation, Quest, Sea Adventure, Adventure, Animation, Comedy, Family","Vinicius de Moraes, John Lasseter, Alexander Gould, Antonio Carlos Jobim, Bob Peterson, Andrew Stanton, David Reynolds, Lee Unkrich, Ellen DeGeneres, Norman Gimbel, Albert Brooks, Dory",941637960,"Albert Brooks, Ellen DeGeneres, Alexander Gould",1200000
156. The Great Escape,1963,8.2,"Period Drama, Prison Drama, War Epic, Adventure, Drama, Thriller, War","James Garner, Von Luger, W.R. Burnett, Richard Attenborough, James Clavell, Paul Brickhill, John Sturges, Steve McQueen",230637,"Richard Attenborough, James Garner, Steve McQueen",267000
157. Monty Python and the Holy Grail,1975,8.2,"Farce, Parody, Quest, Satire, Sketch Comedy, Slapstick, Sword & Sorcery, Adventure, Comedy, Fantasy","Terry Jones, King Arthur, Eric Idle, Pink Floyd, Dennis, Woman, Monty Python, Genesis, Neil Innes, Graham Chapman, Led Zeppelin, Terry Gilliam, John Cleese",2817496,"Eric Idle, John Cleese, Graham Chapman",585000
158. Howl's Moving Castle,2004,8.2,"Adventure Epic, Anime, Hand-Drawn Animation, Supernatural Fantasy, Adventure, Animation, Family, Fantasy","Hayao Miyazaki, Young Sophie, Takuya Kimura, Shuntarô Tanikawa, Chieko Baishô, Joe Hisaishi, Yumi Kimura, Howl, Diana Wynne Jones, Christian Bale, Tatsuya Gashûin",240909277,"Takuya Kimura, Chieko Baishô, Tatsuya Gashûin",478000
159. The Elephant Man,1980,8.2,"Docudrama, Period Drama, Tragedy, Biography, Drama","Samuel Barber, Anne Bancroft, David Lynch, Anthony Hopkins, John Merrick, André Previn, London Symphony Orchestra, Christopher De Vore, John Hurt, Mel Brooks, Eric Bergren",26034325,"John Hurt, Anne Bancroft, Anthony Hopkins",271000
160. I'm Still Here,2024,8.4,"Docudrama, Period Drama, Political Drama, Biography, Drama, History","Fernanda Montenegro, Selton Mello, Murilo Hauser, Heitor Lorega, Léo Maia, Martha, Eunice Paiva, Fernanda Torres, Marcelo Rubens Paiva, Tim Maia, Walter Salles",33983751,"Fernanda Montenegro, Selton Mello, Fernanda Torres",94000
161. Dial M for Murder,1954,8.2,"Crime, Drama, Mystery, Thriller","Robert Cummings, Tony Wendice, Charles Dorat, Cary Grant, Margot Mary Wendice, Mark Halliday, Alfred Hitchcock, Grace Kelly, Ray Milland, Frederick Knott",45313,"Grace Kelly, Ray Milland, Robert Cummings",197000
162. Gone with the Wind,1939,8.2,"Costume Drama, Epic, Period Drama, Romantic Epic, Tragic Romance, War Epic, Drama, Romance, War","Oliver H.P. Garrett, Victor Fleming, Vivien Leigh, Rhett Butler, Sidney Howard, Hattie McDaniel, Scarlett, Clark Gable, Thomas Mitchell, Margaret Mitchell, Alfred Newman",402382193,"Vivien Leigh, Clark Gable, Thomas Mitchell",345000
163. Rashomon,1950,8.2,"Period Drama, Crime, Drama, Mystery","Ryûnosuke Akutagawa, Shinobu Hashimoto, Commoner, Toshirô Mifune, Akira Kurosawa, Machiko Kyô, Fumio Hayasaka, Maurice Ravel, Masayuki Mori",139801,"Masayuki Mori, Machiko Kyô, Toshirô Mifune",188000
164. Klaus,2019,8.2,"Hand-Drawn Animation, Holiday Animation, Holiday Comedy, Holiday Family, Adventure, Animation, Comedy, Family, Fantasy, Holiday","J.K. Simmons, Justin Tranter, Jason Schwartzman, Klaus, Jussifer, Sergio Pablos, Caroline Pennell, Zach Lewis, Zara Larsson, Rashida Jones, Jim Mahoney, Carlos Martínez López",0,"J.K. Simmons, Jason Schwartzman, Rashida Jones",212000
165. Chinatown,1974,8.1,"Conspiracy Thriller, Hard-boiled Detective, Psychological Drama, Psychological Thriller, Tragedy, Drama, Mystery, Thriller","Bunny Berigan and His Orchestra, Jack Nicholson, Ira Gershwin, John Huston, Faye Dunaway, Walsh, Robert Towne, Vernon Duke, Roman Polanski",29231954,"Jack Nicholson, Faye Dunaway, John Huston",363000
166. The Secret in Their Eyes,2009,8.2,"Dark Romance, Erotic Thriller, Legal Thriller, Period Drama, Psychological Drama, Psychological Thriller, Suspense Mystery, Tragedy, Whodunnit, Drama","Pablo Sandoval, Soledad Villamil, Emilio Kauderer, Ricardo Darín, Pablo Rago, Juan José Campanella, Eduardo Sacheri",35079650,"Ricardo Darín, Pablo Rago, Soledad Villamil",231000
"167. Lock, Stock and Two Smoking Barrels",1998,8.1,"Farce, Comedy, Crime","Guy Ritchie, Damon Minchella, Simon Fowler, Dexter Fletcher, Oscar Harrison, Bacon, Lenny McLean, Steve Cradock, Nick Moran, Ocean Colour Scene, Jason Flemyng",3753929,"Nick Moran, Dexter Fletcher, Jason Flemyng",632000
168. V for Vendetta,2005,8.1,"Dystopian Sci-Fi, Political Thriller, Superhero, Action, Drama, Sci-Fi, Thriller","Hugo Weaving, Rupert Graves, David Lloyd, Black Label Society, Zakk Wylde, Lilly Wachowski, V, James McTeigue, Lana Wachowski, Natalie Portman",134686457,"Hugo Weaving, Rupert Graves, Natalie Portman",1200000
169. Inside Out,2015,8.1,"Coming-of-Age, Computer Animation, Adventure, Animation, Comedy, Drama, Family, Fantasy","Lewis Black, Ronnie Del Carmen, Bing Bong, Xavier Atencio, Gaylord Carter, Amy Poehler, Meg LeFauve, Pete Docter, Buddy Baker, Bill Hader",859076254,"Amy Poehler, Bill Hader, Lewis Black",859000
170. The Wild Robot,2024,8.2,"Artificial Intelligence, Computer Animation, Survival, Animation, Sci-Fi","Pedro Pascal, Lupita Nyong'o, Ali Tamposi, Peter Brown, Delacey, Michael Pollack, Roz, Stefan Johnson, Chris Sanders, Jordan Johnson, Kit Connor, Isaiah Tejada, Kris Bowers, Monsters & Strangerz, Maren Morris",333165945,"Pedro Pascal, Lupita Nyong'o, Kit Connor",151000
"171. Three Billboards Outside Ebbing, Missouri",2017,8.1,"Dark Comedy, Satire, Comedy, Crime, Drama","Renée Fleming, Thomas Moore, English Chamber Orchestra, Desk Sergeant, Woody Harrelson, Jeffrey Tate, Frances McDormand, Mildred Hayes, Martin McDonagh, Sam Rockwell, Dixon, Friedrich von Flotow",162729321,"Sam Rockwell, Woody Harrelson, Frances McDormand",579000
172. The Bridge on the River Kwai,1957,8.1,"Jungle Adventure, War Epic, Adventure, Drama, War","William Holden, Michael Wilson, Alec Guinness, Colonel Nicholson, Pierre Boulle, Geoffrey Horne, David Lean, Jack Hawkins, Malcolm Arnold, John Scott, Carl Foreman, Kenneth Alford",27201366,"Jack Hawkins, William Holden, Alec Guinness",240000
173. Trainspotting,1996,8.1,"Dark Comedy, Psychological Drama, Drama","John Hodge, Ewen Bremner, David Bowie, Ewan McGregor, Iggy Pop, Danny Boyle, Jonny Lee Miller, Irvine Welsh, Mark ""Rent-boy"" Renton",16981823,"Ewan McGregor, Ewen Bremner, Jonny Lee Miller",746000
174. Raging Bull,1980,8.1,"Boxing, Docudrama, Period Drama, Biography, Drama, Sport","Orchestra del Teatro Comunale di Bologna, Jake La Motta, Jake LaMotta, Robert De Niro, Peter Savage, Martin Scorsese, Arturo Basile, Vicki LaMotta, Cathy Moriarty, Pietro Mascagni, Joseph Carter, Joe Pesci",23405883,"Robert De Niro, Cathy Moriarty, Joe Pesci",393000
175. Catch Me If You Can,2002,8.1,"Caper, Coming-of-Age, Docudrama, Globetrotting Adventure, Period Drama, True Crime, Biography, Crime, Drama","Fiorello LaGuardia, Steven Spielberg, Frank Abagnale Sr., Paul Alter, Tom Hanks, Jeff Nathanson, Robert Israel, Stan Redding, Leonardo DiCaprio, Christopher Walken, Frank Abagnale Jr.",352114312,"Leonardo DiCaprio, Tom Hanks, Christopher Walken",1200000
176. Fargo,1996,8.1,"Cop Drama, Dark Comedy, Police Procedural, Tragedy, Crime, Drama, Thriller","Hal David, William H. Macy, Burt Bacharach, Steve Buscemi, Frances McDormand, Marge Gunderson, Joel Coen, Ethan Coen",60611975,"William H. Macy, Steve Buscemi, Frances McDormand",751000
177. Warrior,2011,8.1,"Boxing, Action, Drama, Sport","Gavin O'Connor, Brendan Conlon, Tom Conlon, Tom Hardy, Nick Nolte, Anthony Tambakis, Aaron Dessner, Referee Josh Rosenthal, Matt Berninger, The National, Cliff Dorfman, Joel Edgerton",23308615,"Nick Nolte, Tom Hardy, Joel Edgerton",512000
178. Harry Potter and the Deathly Hallows: Part 2,2011,8.1,"Dark Fantasy, Fantasy Epic, Teen Adventure, Teen Fantasy, Adventure, Family, Fantasy, Mystery","Emma Watson, Daniel Radcliffe, David Yates, Molly Weasley, Rupert Grint, Ralph Fiennes, Steve Kloves, J.K. Rowling",1342499744,"Emma Watson, Daniel Radcliffe, Rupert Grint",990000
179. Gran Torino,2008,8.1,Drama,"Christopher Carley, Nick Schenk, Clint Eastwood, Walt Kowalski, Kyle Eastwood, Bee Vang, Michael Stevens, Dave Johannson, Jamie Cullum, Duke",269958228,"Clint Eastwood, Christopher Carley, Bee Vang",835000
180. Million Dollar Baby,2004,8.1,"Boxing, Tragedy, Drama, Sport","Frankie Dunn, Clint Eastwood, Paul Haggis, Morgan Freeman, Hilary Swank, Lucia Rijker, F.X. Toole, Eddie Scrap-Iron Dupris",216763646,"Clint Eastwood, Morgan Freeman, Hilary Swank",743000
181. My Neighbour Totoro,1988,8.1,"Anime, Hand-Drawn Animation, Iyashikei, Animation, Comedy, Family, Fantasy","Hayao Miyazaki, Chika Sakamoto, Hitoshi Takagi, Noriko Hidaka, Joe Hisaishi, Tatsuo Kusakabe",30370646,"Hitoshi Takagi, Noriko Hidaka, Chika Sakamoto",403000
182. Spider-Man: No Way Home,2021,8.2,"Superhero, Supernatural Fantasy, Urban Adventure, Action, Adventure, Fantasy, Sci-Fi","David Byrne, Matt Murdock, Benedict Cumberbatch, Jon Watts, Erik Sommers, Peter Parker, Tom Holland, Brian Eno, Stan Lee, Chris McKenna, Zendaya, Talking Heads",1952732181,"Benedict Cumberbatch, Zendaya, Tom Holland",939000
183. Mad Max: Fury Road,2015,8.1,"Action Epic, Adventure Epic, Car Action, Desert Adventure, Dystopian Sci-Fi, Epic, Quest, Road Trip, Action, Adventure","Nux, Eleni Karaindrou, Tom Hardy, George Miller, Nicholas Hoult, Iota, Nick Lathouris, Charlize Theron, Brendan McCarthy",380437267,"Nicholas Hoult, Tom Hardy, Charlize Theron",1200000
184. Ben-Hur,1959,8.1,"Adventure Epic, Epic, Period Drama, Sword & Sandal, Adventure, Drama","Charlton Heston, Stephen Boyd, Gore Vidal, Yakima Canutt, William Wyler, Joe Canutt, Lew Wallace, Miklós Rózsa, Jack Hawkins, Karl Tunberg, Sextus",74439376,"Charlton Heston, Stephen Boyd, Jack Hawkins",261000
185. Children of Heaven,1997,8.2,"Drama, Family, Sport","Zahra, Ali, Bahare Seddiqi, Amir Farrokh Hashemian, Reza Naji, Majid Majidi",933933,"Bahare Seddiqi, Amir Farrokh Hashemian, Reza Naji",85000
186. Barry Lyndon,1975,8.1,"Costume Drama, Dark Comedy, Epic, Period Drama, Adventure, Drama, War","Ralph Holmes, Marisa Berenson, Patrick Magee, Ryan O'Neal, Stanley Kubrick, Moray Welsh, Franz Schubert, Anthony Goldstone, William Makepeace Thackeray",280093,"Patrick Magee, Marisa Berenson, Ryan O'Neal",192000
187. 12 Years a Slave,2013,8.1,"Costume Drama, Docudrama, Epic, Period Drama, Tragedy, Biography, Drama, History","Jack Williamson, Solomon Northup, Chiwetel Ejiofor, David Hughey, Michael Kenneth Williams, Michael Fassbender, Roosevelt Credit, John Ridley, Nicholas Britell, Steve McQueen",187734091,"Chiwetel Ejiofor, Michael Kenneth Williams, Michael Fassbender",761000
188. Before Sunrise,1995,8.1,"Drama, Romance","Kim Krizan, Celine, Richard Linklater, Ethan Hawke, Henry Purcell, Andrea Eckert, Julie Delpy",6568101,"Andrea Eckert, Ethan Hawke, Julie Delpy",356000
189. Dead Poets Society,1989,8.1,"Coming-of-Age, Teen Drama, Comedy, Drama","McAllister, George Frideric Handel, Stuttgarter Kammerorchester, John Keating, Karl Münchinger, Ethan Hawke, Tom Schulman, Robin Williams, Peter Weir, Robert Sean Leonard",235860116,"Robin Williams, Ethan Hawke, Robert Sean Leonard",585000
190. Blade Runner,1982,8.1,"Artificial Intelligence, Cyber Thriller, Cyberpunk, Dystopian Sci-Fi, Action, Drama, Sci-Fi, Thriller","Harrison Ford, David Webb Peoples, Hampton Fancher, Rutger Hauer, Sean Young, Daryl Hannah, Philip K. Dick, Gail Laughton, Batty, Ridley Scott",41759489,"Sean Young, Harrison Ford, Rutger Hauer",850000
191. The Grand Budapest Hotel,2014,8.1,"Caper, Quirky Comedy, Adventure, Comedy, Crime","Tony Revolori, Wes Anderson, Hugo Guinness, F. Murray Abraham, Stefan Zweig, Harvey Keitel, M. Gustave, Mathieu Amalric, Ralph Fiennes",174567384,"Ralph Fiennes, F. Murray Abraham, Mathieu Amalric",921000
192. Hacksaw Ridge,2016,8.1,"Docudrama, Epic, Period Drama, War Epic, Biography, Drama, History, War","Andrew Garfield, Howard Doane, Desmond T. Doss, Sam Worthington, Fanny Crosby, Andrew Knight, Desmond Doss, Robert Schenkkan, Mel Gibson, Luke Bracey",180563636,"Andrew Garfield, Luke Bracey, Sam Worthington",631000
193. Gone Girl,2014,8.1,"Erotic Thriller, Psychological Drama, Psychological Thriller, Suspense Mystery, Tragedy, Whodunnit, Drama, Mystery, Thriller","Neil Patrick Harris, Gillian Flynn, Rosamund Pike, David Fincher, The Fixx, Cy Curnin, Ben Affleck, Nick Dunne",370890259,"Ben Affleck, Neil Patrick Harris, Rosamund Pike",1100000
194. Memories of Murder,2003,8.1,"Dark Comedy, Korean Drama, Police Procedural, Serial Killer, True Crime, Crime, Drama, Mystery, Thriller","Bong Joon Ho, Song Kang-ho, Sung-bo Shim, Kwang-rim Kim, Kim Roe-ha, Kim Sang-kyung, Detective Park Doo-Man",1210156,"Song Kang-ho, Kim Sang-kyung, Kim Roe-ha",237000
195. In the Name of the Father,1993,8.1,"Docudrama, Legal Drama, Period Drama, Prison Drama, Tragedy, True Crime, Biography, Crime, Drama","Daniel Day-Lewis, Gavin Friday, Terry George, Gerry Conlon, Jim Sheridan, Maurice Seezer, Alison Crosbie, Bono, Pete Postlethwaite",65796862,"Daniel Day-Lewis, Pete Postlethwaite, Alison Crosbie",195000
"196. Monsters, Inc.",2001,8.1,"Buddy Comedy, Computer Animation, Satire, Slapstick, Supernatural Fantasy, Urban Adventure, Adventure, Animation, Comedy, Family","Frank Wolf, Jeff Pidgeon, Mary Gibbs, Chris Montan, Lee Unkrich, John Goodman, Jill Culton, Sulley, Boo, Billy Crystal, Pete Docter, David Silverman, Randy Newman",579770299,"Mary Gibbs, Billy Crystal, John Goodman",1000000
197. Ratatouille,2007,8.1,"Animal Adventure, Computer Animation, Satire, Adventure, Animation, Comedy, Family, Fantasy","Brad Garrett, Dan Wallin, Boualem Lamhene, Michael Giacchino, Patton Oswalt, Brad Bird, Jim Capobianco, Gusteau, Jan Pinkava, Camille, Lou Romano",623729380,"Lou Romano, Brad Garrett, Patton Oswalt",876000
198. The Gold Rush,1925,8.1,"Farce, Feel-Good Romance, Romantic Comedy, Slapstick, Adventure, Comedy, Drama, Romance, Western","Georgia, Mack Swain, Charles Chaplin, Tom Murray",31490,"Mack Swain, Charles Chaplin, Tom Murray",123000
199. Wild Tales,2014,8.1,"Dark Comedy, Comedy, Drama, Thriller","Mauricio, Mónica Villa, Giorgio Moroder, Helen St. John, Damián Szifron, Darío Grandinetti, Julian Loyola, María Marull, Germán Servidio",31478893,"María Marull, Mónica Villa, Darío Grandinetti",227000
200. How to Train Your Dragon,2010,8.1,"Computer Animation, Sword & Sorcery, Teen Fantasy, Action, Adventure, Animation, Family, Fantasy","Alex Somers, Dean DeBlois, William Davies, Jay Baruchel, Chris Sanders, Hiccup, Jon Thor Birgisson, Gerard Butler, Christopher Mintz-Plasse",494879860,"Jay Baruchel, Gerard Butler, Christopher Mintz-Plasse",837000
201. Sherlock Jr.,1924,8.2,"Bumbling Detective, Farce, Feel-Good Romance, Slapstick, Action, Comedy, Romance","Kathryn McGuire, Joseph A. Mitchell, Jean C. Havez, Clyde Bruckman, Projectionist, Joe Keaton, Buster Keaton, Vince Giordano and The Nighthawks",399,"Joe Keaton, Buster Keaton, Kathryn McGuire",61000
202. Jaws,1975,8.1,"Monster Horror, Sea Adventure, Survival, Adventure, Drama, Horror, Thriller","Steven Spielberg, Peter Benchley, Robert Shaw, Brody, Carl Gottlieb, Lee Fierro, Roy Scheider, Jeffrey Voorhees, Richard Dreyfuss, Mike Haydn",477916625,"Robert Shaw, Richard Dreyfuss, Roy Scheider",690000
203. Mary and Max,2009,8.1,"Adult Animation, Coming-of-Age, Dark Comedy, Stop Motion Animation, Animation, Comedy, Drama","Max Jerry Horovitz, Simon Jeffes, Penguin Cafe Orchestra, Adam Elliot, Philip Seymour Hoffman, Eric Bana, Toni Collette",1740791,"Philip Seymour Hoffman, Toni Collette, Eric Bana",195000
204. The Deer Hunter,1978,8.1,"Epic, War Epic, Drama, War","Bob Gaudio, Robert De Niro, Deric Washburn, Louis Garfinkle, Michael Cimino, Frankie Valli, John Cazale, Michael, Christopher Walken, Bob Crewe",49080126,"John Cazale, Robert De Niro, Christopher Walken",374000
205. The General,1926,8.1,"Farce, Slapstick, Action, Adventure, Comedy, Drama, War","Glen Cavender, The Alloy Orchestra, Marion Mack, William P. Perry, Johnnie Gray, Clyde Bruckman, Buster Keaton, Al Boasberg",1344,"Glen Cavender, Buster Keaton, Marion Mack",102000
206. Le Mans '66,2019,8.1,"Docudrama, Motorsport, Period Drama, Action, Biography, Drama, Sport","Matt Damon, The Paladins, James Mangold, John-Henry Butterworth, Carroll Shelby, Jason Keller, Jon Bernthal, Jez Butterworth, Christian Bale, Robert Nagle",226299480,"Matt Damon, Christian Bale, Jon Bernthal",516000
207. The Wages of Fear,1953,8.1,"Psychological Drama, Survival, Adventure, Drama, Thriller","Georges Arnaud, Mario, Charles Vanel, Yves Montand, Johann Strauss, Henri-Georges Clouzot, Peter van Eyck, Jérôme Géronimi",22326,"Charles Vanel, Yves Montand, Peter van Eyck",70000
208. On the Waterfront,1954,8.1,"Legal Drama, Crime, Drama, Thriller","Elia Kazan, Marlon Brando, Karl Malden, Malcolm Johnson, Richard Wagner, Robert Siodmak, Lee J. Cobb, Richard Schickel, Charley Malloy, Paul Newman, Terry Malloy, Budd Schulberg",3768,"Lee J. Cobb, Marlon Brando, Karl Malden",171000
209. Mr. Smith Goes to Washington,1939,8.1,"Political Drama, Comedy, Drama","Frank Capra, Jefferson Smith, Jean Arthur, David T. Shaw, Myles Connolly, James Stewart, Lewis R. Foster, Sidney Buchman, Claude Rains",146123,"Jean Arthur, Claude Rains, James Stewart",125000
210. Wild Strawberries,1957,8.1,"Psychological Drama, Drama, Romance","Ingrid Thulin, Marianne Borg, Bibi Andersson, Victor Sjöström, Dr. Evald Borg, Ingmar Bergman",81070,"Ingrid Thulin, Victor Sjöström, Bibi Andersson",120000
211. Logan,2017,8.1,"Dystopian Sci-Fi, Road Trip, Superhero, Action, Drama, Sci-Fi, Thriller","Michael Green, James Mangold, Logan, Scott Frank, Hugh Jackman, Patrick Stewart, Dafne Keen",619180476,"Hugh Jackman, Dafne Keen, Patrick Stewart",883000
212. The Third Man,1949,8.1,"Film Noir, Hard-boiled Detective, Whodunnit, Drama, Mystery, Thriller","Alexander Korda, Orson Welles, Alida Valli, Joseph Cotten, Harry Lime, Anton Karas, Graham Greene, Carol Reed",1406393,"Alida Valli, Orson Welles, Joseph Cotten",189000
213. Rocky,1976,8.1,"Boxing, Drama, Sport","Rocky, Frank Stallone, James Crabe, Sylvester Stallone, Valentine, Robert Redford, Irwin Winkler, Nick Nolte, Ryan O'Neal, John G. Avildsen, Burt Young, James Caan, Burt Reynolds, Adrian, Robert Chartoff, Talia Shire",117253345,"Talia Shire, Burt Young, Sylvester Stallone",655000
214. Maharaja,2024,8.4,"One-Person Army Action, Action, Crime, Drama, Thriller","Mamta Mohandas, Nithilan Saminathan, Vijay Sethupathi, Anurag Kashyap",975543,"Mamta Mohandas, Vijay Sethupathi, Anurag Kashyap",65000
215. Tokyo Story,1953,8.1,"Psychological Drama, Drama","Kôgo Noda, Chishû Ryû, Noriko, Sô Yamamura, Yasujirô Ozu, Kyoko, Chieko Higashiyama",92310,"Chishû Ryû, Chieko Higashiyama, Sô Yamamura",73000
216. The Big Lebowski,1998,8.1,"Buddy Comedy, Drug Crime, Satire, Stoner Comedy, Comedy, Crime","Walter Sobchak, Bob Nolan, Julianne Moore, John Goodman, Sons of the Pioneers, Jeff Bridges, Joel Coen, Ethan Coen",48261691,"Julianne Moore, John Goodman, Jeff Bridges",886000
217. Spotlight,2015,8.1,"Docudrama, Legal Drama, Period Drama, True Crime, Workplace Drama, Biography, Crime, Drama","Michael Rezendes, Michael Keaton, Mark Ruffalo, Tom McCarthy, Sacha Pfeiffer, Walter Robinson, Marty Baron, Josh Singer, Dick Walter, Rachel McAdams",98690254,"Rachel McAdams, Michael Keaton, Mark Ruffalo",516000
218. The Seventh Seal,1957,8.1,"Psychological Drama, Drama, Fantasy","Max von Sydow, Bengt Ekerot, Gunnar Björnstrand, Erik Nordgren, Antonius Block, Ingmar Bergman",311212,"Gunnar Björnstrand, Max von Sydow, Bengt Ekerot",207000
219. The Terminator,1984,8.1,"Artificial Intelligence, Cyberpunk, Dystopian Sci-Fi, Time Travel, Urban Adventure, Action, Adventure, Sci-Fi","The Terminator, Linda Hamilton, James Cameron, Gale Anne Hurd, Desk Sergeant, William Wisher, Ricky Phillips, Arnold Schwarzenegger, Michael Biehn",78371200,"Arnold Schwarzenegger, Michael Biehn, Linda Hamilton",958000
220. Room,2015,8.1,"Psychological Drama, Drama, Thriller","Jack, Jacob Tremblay, Brie Larson, Daniel Rojas, Lenny Abrahamson, Sean Bridgers, Emma Donoghue, Klaus Badelt, Andrew Raiher",35402766,"Jacob Tremblay, Sean Bridgers, Brie Larson",466000
221. Pirates of the Caribbean: The Curse of the Black Pearl,2003,8.1,"Sea Adventure, Supernatural Fantasy, Swashbuckler, Sword & Sandal, Action, Adventure, Fantasy","Johnny Depp, Lucinda Dryzek, Orlando Bloom, George Bruns, Geoffrey Rush, Stuart Beattie, Xavier Atencio, Keira Knightley, Gore Verbinski, Terry Rossio, Ted Elliott, Will Turner, Jack Sparrow",654264546,"Johnny Depp, Orlando Bloom, Geoffrey Rush",1300000
222. La haine,1995,8.1,"Gangster, Psychological Drama, Crime, Drama","Hubert, Hubert Koundé, Saïd Taghmaoui, Bob Marley, Mathieu Kassovitz, Vincent Cassel",759234,"Hubert Koundé, Vincent Cassel, Saïd Taghmaoui",209000
223. Jai Bhim,2021,8.7,"Legal Drama, Crime, Drama","Suriya, T.J. Gnanavel, Manikandan K., Rajendra Sapre, Lijo Mol Jose, Chandru",0,"Suriya, Manikandan K., Lijo Mol Jose",224000
224. Hotel Rwanda,2004,8.1,"Docudrama, Epic, Biography, Drama, History, War","Jack, Terry George, Don Cheadle, Attie Van Wyk, Chicco Twala, Yvonne Chaka Chaka, Sophie Okonedo, Paul Rusesabagina, Keir Pearson, Joaquin Phoenix",33882243,"Joaquin Phoenix, Sophie Okonedo, Don Cheadle",382000
225. Platoon,1986,8.1,"Drama, War","Samuel Barber, Georges Delerue, Oliver Stone, Willem Dafoe, Chris Taylor, Tom Berenger, Charlie Sheen",138545632,"Charlie Sheen, Willem Dafoe, Tom Berenger",453000
226. Before Sunset,2004,8.1,"Drama, Romance","Celine, Richard Linklater, Ethan Hawke, Vernon Dobtcheff, Julie Delpy",16506532,"Vernon Dobtcheff, Ethan Hawke, Julie Delpy",300000
227. The Best Years of Our Lives,1946,8.1,"Epic, Feel-Good Romance, Drama, Romance, War","Milly Stephenson, Harold Russell, Fredric March, Dana Andrews, Myrna Loy, William Wyler, Lawrence Wright, MacKinlay Kantor, Hoagy Carmichael, Edgar Leslie, Ray Teal, Robert E. Sherwood",23667133,"Fredric March, Dana Andrews, Myrna Loy",74000
228. The Exorcist,1973,8.1,"Body Horror, Supernatural Horror, Horror","Max von Sydow, Father Karras, Mercedes McCambridge, Demon, Linda Blair, Krzysztof Penderecki, William Peter Blatty, Ellen Burstyn, Jason Miller, William Friedkin",430872776,"Ellen Burstyn, Max von Sydow, Linda Blair",474000
229. The Passion of Joan of Arc,1928,8.1,"Legal Drama, Period Drama, Psychological Drama, Tragedy, Biography, Drama, History","André Berley, Joseph Delteil, Maria Falconetti, Richard Einhorn, Eugene Silvain, Carl Theodor Dreyer, Jeanne d'Arc",22731,"André Berley, Eugene Silvain, Maria Falconetti",64000
230. The Wizard of Oz,1939,8.1,"Adventure Epic, Classic Musical, Fairy Tale, Fantasy Epic, Quest, Adventure, Family, Fantasy, Musical","John Fricke, Frank Morgan, Victor Fleming, Noel Langley, Dorothy, Harold Arlen, Ray Bolger, Florence Ryerson, Margaret Hamilton, King Vidor, E.Y. Harburg, Judy Garland, The Scarecrow, Edgar Allan Woolf",25637669,"Frank Morgan, Ray Bolger, Judy Garland",448000
231. The Incredibles,2004,8.0,"Computer Animation, Superhero, Urban Adventure, Action, Adventure, Animation, Family","Samuel L. Jackson, Jason Lee, Brad Bird, Holly Hunter, Craig T. Nelson, Honey, Lucius",631688498,"Craig T. Nelson, Samuel L. Jackson, Holly Hunter",848000
232. The Sound of Music,1965,8.1,"Classic Musical, Epic, Period Drama, Biography, Drama, Family, Musical, Romance","Julie Andrews, Robert Wise, Eleanor Parker, Howard Lindsay, Maria, Georg Hurdalek, Christopher Plummer, Russel Crouse, Richard Rodgers",159484051,"Julie Andrews, Eleanor Parker, Christopher Plummer",274000
233. Rush,2013,8.1,"Docudrama, Motorsport, Period Drama, Biography, Drama, Sport","Ron Howard, Daniel Brühl, David Bartholomew, Earl King, Niki Lauda, Dave Edmunds, Peter Morgan, Olivia Wilde, Chris Hemsworth",96992516,"Daniel Brühl, Olivia Wilde, Chris Hemsworth",531000
234. Hachi: A Dog's Tale,2009,8.1,"Animal Adventure, Biography, Drama, Family","Ken, Kaneto Shindô, Richard Gere, Stephen P. Lindsey, Joan Allen, Lasse Hallström, Cary-Hiroyuki Tagawa",46749646,"Richard Gere, Cary-Hiroyuki Tagawa, Joan Allen",325000
235. Stand by Me,1986,8.1,"Coming-of-Age, Dark Comedy, Quest, Adventure, Comedy, Drama","Jerry Leiber, Wil Wheaton, Rob Reiner, The Writer, Stephen King, Mike Stoller, Corey Feldman, Ben E. King, Raynold Gideon, Bruce A. Evans, River Phoenix",53525035,"Wil Wheaton, River Phoenix, Corey Feldman",461000
236. Demon Slayer: Kimetsu no Yaiba - Tsuzumi Mansion Arc,2021,8.5,"Anime, Action, Animation, Fantasy","Haruo Sotozaki, Koyoharu Gotouge",67358,Unknown,31000
237. Network,1976,8.1,"Dark Comedy, Workplace Drama, Drama","William Holden, Paddy Chayefsky, Peter Finch, Sidney Lumet, Faye Dunaway, Howard Beale",23701317,"Peter Finch, William Holden, Faye Dunaway",178000
238. My Father and My Son,2005,8.2,"Drama, Family","Evanthia Reboutsika, Deniz, Çetin Tekindor, Fikret Kuskan, Cihan Okan, Hümeyra, Çagan Irmak",18612999,"Çetin Tekindor, Hümeyra, Fikret Kuskan",97000
239. The Handmaiden,2016,8.1,"Dark Romance, Erotic Thriller, Psychological Thriller, Steamy Romance, Drama, Romance, Thriller","Lady Hideko, Park Chan-wook, Kim Min-hee, Chung Seo-kyung, Kim Tae-ri, Ha Jung-woo, Sarah Waters, Cho Jin-woong",37863670,"Cho Jin-woong, Ha Jung-woo, Kim Min-hee",186000
240. The Iron Giant,1999,8.1,"Alien Invasion, Artificial Intelligence, Hand-Drawn Animation, High-Concept Comedy, Kaiju, Space Sci-Fi, Action, Adventure, Animation, Comedy","Ted Hughes, Jimmie Rodgers, Jennifer Aniston, Eli Marienthal, The Iron Giant, Harry Connick Jr., Hogarth Hughes, Brad Bird, Tim McCanlies, Bob Merrill",23338352,"Jennifer Aniston, Eli Marienthal, Harry Connick Jr.",242000
241. To Be or Not to Be,1942,8.1,"Screwball Comedy, Comedy, Romance, War","Edwin Justus Mayer, Frédéric Chopin, Aleksandr Glazunov, Robert Stack, Joseph Tura, Carole Lombard, Ernst Lubitsch, Kazimierz Rudzki, Colonel Ehrhardt, Jack Benny, Melchior Lengyel",4578000,"Robert Stack, Carole Lombard, Jack Benny",46000
242. The Battle of Algiers,1966,8.1,"Docudrama, Political Drama, Drama, War","Gillo Pontecorvo, Franco Moruzzi, Yacef Saadi, Jean Martin, Tommaso Neri, Franco Solinas, Johann Sebastian Bach, Brahim Hadjadj, Samia Kerbash",962002,"Brahim Hadjadj, Yacef Saadi, Jean Martin",70000
243. Into the Wild,2007,8.1,"Coming-of-Age, Docudrama, Road Trip, Survival, Tragedy, Adventure, Biography, Drama","Jon Krakauer, Vince Vaughn, Catherine Keener, Jim Gallien, Eddie Vedder, Sean Penn, Christopher McCandless, Emile Hirsch",56676733,"Catherine Keener, Emile Hirsch, Vince Vaughn",676000
244. The Grapes of Wrath,1940,8.1,Drama,"John Ford, Jane Darwell, Nunnally Johnson, Ma Joad, Tom Joad, Darryl F. Zanuck, John Carradine, John Steinbeck, Henry Fonda",7304,"Jane Darwell, John Carradine, Henry Fonda",104000
245. Groundhog Day,1993,8.0,"Feel-Good Romance, High-Concept Comedy, Holiday Comedy, Holiday Romance, Romantic Comedy, Comedy, Drama, Fantasy, Romance","Delbert McClinton, Andie MacDowell, Bill Murray, Harold Ramis, Phil, Danny Rubin, Chris Elliott, George Fenton",71108778,"Bill Murray, Andie MacDowell, Chris Elliott",712000
246. A Silent Voice,2016,8.1,"Anime, Coming-of-Age, Psychological Drama, Shōnen, Slice of Life, Animation, Drama","Aoi Yûki, Miyoko Sahara, Naoko Yamada, Miyu Irino, Lexi Marman, Yoshitoki Ôima, The Who, Saori Hayami, Pete Townshend, Reiko Yoshida, Shoko Nishimiya",30819442,"Aoi Yûki, Miyu Irino, Saori Hayami",117000
247. The Help,2011,8.1,"Period Drama, Drama","Jerry Leiber, Emma Stone, Hilly Holbrook, Minny Jackson, June Carter Cash, Tate Taylor, Octavia Spencer, Kathryn Stockett, Billy Edd Wheeler, Johnny Cash, Viola Davis",221802186,"Emma Stone, Octavia Spencer, Viola Davis",510000
248. Amores perros,2000,8.0,"Tragedy, Drama, Thriller","Emilio Echevarría, Alejandro G. Iñárritu, El Chivo, Goya Toledo, Control Machete, Guillermo Arriaga, Gael García Bernal",20908467,"Emilio Echevarría, Goya Toledo, Gael García Bernal",261000
249. Rebecca,1940,8.1,"Dark Romance, Psychological Drama, Psychological Thriller, Suspense Mystery, Drama, Mystery, Romance, Thriller","J.L. Molloy, Mrs. Danvers, Joan Fontaine, Judith Anderson, The Second Mrs. de Winter, Joan Harrison, Daphne Du Maurier, Alfred Hitchcock, Laurence Olivier, George Sanders, Robert E. Sherwood",113328,"George Sanders, Joan Fontaine, Laurence Olivier",153000
250. Drishyam,2015,8.2,"Crime, Drama, Mystery, Thriller","Meera Deshmukh, Nishikant Kamat, Meghna Gulzar, Ajay Devgn, Upendra Sidhaye, Jeethu Joseph, Gulzar, Ash King, Shriya Saran, Vishal Bhardwaj, Tabu",0,"Shriya Saran, Ajay Devgn, Tabu",100000
